{
  "duration_seconds": 280.7999791666667,
  "bpm": 133.9,
  "key": "G minor",
  "energy_level": 1.0,
  "tempo_category": "upbeat",
  "spectral_centroid": 1583.5038553611766,
  "zero_crossing_rate": 0.027514467592592594
}