{
  "duration_seconds": 197.51997916666667,
  "bpm": 74.0,
  "key": "C major",
  "energy_level": 1.0,
  "tempo_category": "slow",
  "spectral_centroid": 974.0505913123641,
  "zero_crossing_rate": 0.017491901882627715
}