{
  "duration_seconds": 268.55997916666666,
  "bpm": 108.2,
  "key": "C major",
  "energy_level": 1.0,
  "tempo_category": "mid_tempo",
  "spectral_centroid": 2189.555698877396,
  "zero_crossing_rate": 0.03935122552426722
}