{
  "duration_seconds": 152.59997916666666,
  "bpm": 165.4,
  "key": "D# major",
  "energy_level": 1.0,
  "tempo_category": "fast",
  "spectral_centroid": 1086.0328540464536,
  "zero_crossing_rate": 0.021515363982665826
}