{
  "duration_seconds": 204.67997916666667,
  "bpm": 95.3,
  "key": "C minor",
  "energy_level": 1.0,
  "tempo_category": "mid_tempo",
  "spectral_centroid": 1568.311990525544,
  "zero_crossing_rate": 0.0228005638402861
}