{
  "duration_seconds": 239.91997916666668,
  "bpm": 102.3,
  "key": "G# minor",
  "energy_level": 1.0,
  "tempo_category": "mid_tempo",
  "spectral_centroid": 1835.6895295248369,
  "zero_crossing_rate": 0.03171874392172009
}