{
  "duration_seconds": 186.67997916666667,
  "bpm": 95.3,
  "key": "G# major",
  "energy_level": 1.0,
  "tempo_category": "mid_tempo",
  "spectral_centroid": 926.5222801336396,
  "zero_crossing_rate": 0.018456289147311736
}