{
  "duration_seconds": 209.15997916666666,
  "bpm": 114.8,
  "key": "G major",
  "energy_level": 1.0,
  "tempo_category": "upbeat",
  "spectral_centroid": 1949.5897606056576,
  "zero_crossing_rate": 0.03303940174951553
}