{
  "duration_seconds": 298.67997916666667,
  "bpm": 112.5,
  "key": "B major",
  "energy_level": 1.0,
  "tempo_category": "upbeat",
  "spectral_centroid": 1123.2083845829586,
  "zero_crossing_rate": 0.018588097501964145
}