{
  "duration_seconds": 183.03997916666665,
  "bpm": 100.4,
  "key": "A# major",
  "energy_level": 1.0,
  "tempo_category": "mid_tempo",
  "spectral_centroid": 644.0348051278244,
  "zero_crossing_rate": 0.01731600105623543
}