{
  "duration_seconds": 208.23997916666667,
  "bpm": 140.6,
  "key": "F minor",
  "energy_level": 1.0,
  "tempo_category": "fast",
  "spectral_centroid": 1243.4586997084168,
  "zero_crossing_rate": 0.020858410592634328
}