{
  "duration_seconds": 239.75997916666665,
  "bpm": 90.7,
  "key": "B minor",
  "energy_level": 1.0,
  "tempo_category": "mid_tempo",
  "spectral_centroid": 1677.7060616070503,
  "zero_crossing_rate": 0.029157263664749977
}