{
  "duration_seconds": 263.43997916666666,
  "bpm": 108.2,
  "key": "C minor",
  "energy_level": 1.0,
  "tempo_category": "mid_tempo",
  "spectral_centroid": 1310.32879481084,
  "zero_crossing_rate": 0.02474378776874646
}