{
  "duration_seconds": 183.55997916666666,
  "bpm": 85.2,
  "key": "A# major",
  "energy_level": 1.0,
  "tempo_category": "mid_tempo",
  "spectral_centroid": 700.3135066872325,
  "zero_crossing_rate": 0.015028161363603347
}