{
  "duration_seconds": 120.71997916666666,
  "bpm": 152.0,
  "key": "B minor",
  "energy_level": 1.0,
  "tempo_category": "fast",
  "spectral_centroid": 1076.982157757288,
  "zero_crossing_rate": 0.013048645548020852
}