{
  "duration_seconds": 206.27997916666666,
  "bpm": 85.2,
  "key": "C# minor",
  "energy_level": 1.0,
  "tempo_category": "mid_tempo",
  "spectral_centroid": 3116.001963549163,
  "zero_crossing_rate": 0.046019226449790576
}