{
  "duration_seconds": 218.83997916666667,
  "bpm": 85.2,
  "key": "A# major",
  "energy_level": 1.0,
  "tempo_category": "mid_tempo",
  "spectral_centroid": 1032.1729310994463,
  "zero_crossing_rate": 0.017011307505666033
}