{
  "duration_seconds": 317.7999791666667,
  "bpm": 125.0,
  "key": "G# major",
  "energy_level": 1.0,
  "tempo_category": "upbeat",
  "spectral_centroid": 1745.3472119338694,
  "zero_crossing_rate": 0.02348573158081325
}