{
  "duration_seconds": 105.99997916666666,
  "bpm": 152.0,
  "key": "D# major",
  "energy_level": 1.0,
  "tempo_category": "fast",
  "spectral_centroid": 904.0321266074103,
  "zero_crossing_rate": 0.019096376047117128
}