{
  "duration_seconds": 196.95997916666667,
  "bpm": 119.7,
  "key": "D major",
  "energy_level": 1.0,
  "tempo_category": "upbeat",
  "spectral_centroid": 2233.246453069219,
  "zero_crossing_rate": 0.042123136254400215
}