{
  "duration_seconds": 194.51997916666667,
  "bpm": 100.4,
  "key": "C major",
  "energy_level": 1.0,
  "tempo_category": "mid_tempo",
  "spectral_centroid": 1255.6425051342578,
  "zero_crossing_rate": 0.02215014248163075
}