{
  "duration_seconds": 269.7199791666667,
  "bpm": 93.8,
  "key": "C minor",
  "energy_level": 1.0,
  "tempo_category": "mid_tempo",
  "spectral_centroid": 1129.1816171922255,
  "zero_crossing_rate": 0.012940428258591371
}