{
  "duration_seconds": 318.8399791666667,
  "bpm": 122.3,
  "key": "D# minor",
  "energy_level": 1.0,
  "tempo_category": "upbeat",
  "spectral_centroid": 1370.5019674855841,
  "zero_crossing_rate": 0.024748861526495382
}