{
  "duration_seconds": 234.43997916666666,
  "bpm": 100.4,
  "key": "F# minor",
  "energy_level": 1.0,
  "tempo_category": "mid_tempo",
  "spectral_centroid": 1969.8759552233903,
  "zero_crossing_rate": 0.036813393786398384
}