{
  "duration_seconds": 229.83997916666667,
  "bpm": 112.5,
  "key": "F major",
  "energy_level": 1.0,
  "tempo_category": "upbeat",
  "spectral_centroid": 1710.2902326916746,
  "zero_crossing_rate": 0.027548847159539168
}