{
  "duration_seconds": 159.95997916666667,
  "bpm": 156.2,
  "key": "E major",
  "energy_level": 1.0,
  "tempo_category": "fast",
  "spectral_centroid": 796.2626717222521,
  "zero_crossing_rate": 0.016461007045159032
}