{
  "duration_seconds": 284.8399791666667,
  "bpm": 102.3,
  "key": "D# major",
  "energy_level": 1.0,
  "tempo_category": "mid_tempo",
  "spectral_centroid": 963.494055128056,
  "zero_crossing_rate": 0.015502033725050554
}