{
  "duration_seconds": 272.5999791666667,
  "bpm": 133.9,
  "key": "F# minor",
  "energy_level": 1.0,
  "tempo_category": "upbeat",
  "spectral_centroid": 1434.2073280884308,
  "zero_crossing_rate": 0.01987050774371992
}