{
  "duration_seconds": 244.35997916666668,
  "bpm": 160.7,
  "key": "F major",
  "energy_level": 1.0,
  "tempo_category": "fast",
  "spectral_centroid": 1770.5566085812898,
  "zero_crossing_rate": 0.030468055165273473
}