{
  "duration_seconds": 205.59997916666666,
  "bpm": 86.5,
  "key": "F minor",
  "energy_level": 1.0,
  "tempo_category": "mid_tempo",
  "spectral_centroid": 1984.445469187444,
  "zero_crossing_rate": 0.030628825186446173
}