{
  "duration_seconds": 200.91997916666668,
  "bpm": 114.8,
  "key": "G# major",
  "energy_level": 1.0,
  "tempo_category": "upbeat",
  "spectral_centroid": 1574.017998624986,
  "zero_crossing_rate": 0.026810028550857356
}