{
  "duration_seconds": 211.47997916666668,
  "bpm": 127.8,
  "key": "F minor",
  "energy_level": 1.0,
  "tempo_category": "upbeat",
  "spectral_centroid": 2191.3073775792072,
  "zero_crossing_rate": 0.034392884190434764
}