{
  "duration_seconds": 174.59997916666666,
  "bpm": 77.1,
  "key": "A minor",
  "energy_level": 1.0,
  "tempo_category": "slow",
  "spectral_centroid": 1827.5887061622054,
  "zero_crossing_rate": 0.023169242117340706
}