{
  "duration_seconds": 231.03997916666665,
  "bpm": 114.8,
  "key": "A# minor",
  "energy_level": 1.0,
  "tempo_category": "upbeat",
  "spectral_centroid": 2960.602429705686,
  "zero_crossing_rate": 0.05235511166897507
}