{
  "duration_seconds": 246.83997916666667,
  "bpm": 160.7,
  "key": "A# major",
  "energy_level": 1.0,
  "tempo_category": "fast",
  "spectral_centroid": 1625.566865512517,
  "zero_crossing_rate": 0.027321004896400485
}