{
  "duration_seconds": 182.87997916666666,
  "bpm": 152.0,
  "key": "A# major",
  "energy_level": 1.0,
  "tempo_category": "fast",
  "spectral_centroid": 831.3943946351744,
  "zero_crossing_rate": 0.01958564586978711
}