{
  "duration_seconds": 156.35997916666668,
  "bpm": 160.7,
  "key": "C major",
  "energy_level": 1.0,
  "tempo_category": "fast",
  "spectral_centroid": 2096.9659275918602,
  "zero_crossing_rate": 0.036482160596732385
}