{
  "duration_seconds": 202.23997916666667,
  "bpm": 156.2,
  "key": "C# major",
  "energy_level": 1.0,
  "tempo_category": "fast",
  "spectral_centroid": 1741.67026448528,
  "zero_crossing_rate": 0.0286903606688423
}