{
  "duration_seconds": 213.63997916666668,
  "bpm": 100.4,
  "key": "G# major",
  "energy_level": 1.0,
  "tempo_category": "mid_tempo",
  "spectral_centroid": 1166.2675872337481,
  "zero_crossing_rate": 0.015097834702181836
}