{
  "duration_seconds": 339.7999791666667,
  "bpm": 114.8,
  "key": "F minor",
  "energy_level": 1.0,
  "tempo_category": "upbeat",
  "spectral_centroid": 1989.2289958228175,
  "zero_crossing_rate": 0.029942628754080734
}