{
  "duration_seconds": 190.47997916666668,
  "bpm": 90.7,
  "key": "F minor",
  "energy_level": 1.0,
  "tempo_category": "mid_tempo",
  "spectral_centroid": 925.7698246245641,
  "zero_crossing_rate": 0.008911638647594915
}