{
  "duration_seconds": 180.95997916666667,
  "bpm": 125.0,
  "key": "F# minor",
  "energy_level": 1.0,
  "tempo_category": "upbeat",
  "spectral_centroid": 775.318618130268,
  "zero_crossing_rate": 0.016400004374815796
}