{
  "duration_seconds": 196.35997916666668,
  "bpm": 102.3,
  "key": "F# major",
  "energy_level": 1.0,
  "tempo_category": "mid_tempo",
  "spectral_centroid": 1898.1483408161012,
  "zero_crossing_rate": 0.03309124655399533
}