{
  "duration_seconds": 212.07997916666667,
  "bpm": 102.3,
  "key": "G minor",
  "energy_level": 1.0,
  "tempo_category": "mid_tempo",
  "spectral_centroid": 2056.5198084623175,
  "zero_crossing_rate": 0.04262938679556656
}