{
  "duration_seconds": 179.03997916666665,
  "bpm": 152.0,
  "key": "F# major",
  "energy_level": 1.0,
  "tempo_category": "fast",
  "spectral_centroid": 1634.9914562054043,
  "zero_crossing_rate": 0.023729217865653858
}