{
  "duration_seconds": 159.99997916666666,
  "bpm": 140.6,
  "key": "E minor",
  "energy_level": 0.945,
  "tempo_category": "fast",
  "spectral_centroid": 671.9204068926856,
  "zero_crossing_rate": 0.015010286458333333
}