{
  "duration_seconds": 177.23997916666667,
  "bpm": 160.7,
  "key": "D# major",
  "energy_level": 1.0,
  "tempo_category": "fast",
  "spectral_centroid": 2131.8652257415424,
  "zero_crossing_rate": 0.03601862456369982
}