{
  "duration_seconds": 149.99997916666666,
  "bpm": 140.6,
  "key": "C minor",
  "energy_level": 1.0,
  "tempo_category": "fast",
  "spectral_centroid": 676.0644847762476,
  "zero_crossing_rate": 0.014150330210481406
}