{
  "duration_seconds": 262.55997916666666,
  "bpm": 148.0,
  "key": "G minor",
  "energy_level": 1.0,
  "tempo_category": "fast",
  "spectral_centroid": 593.5395401709965,
  "zero_crossing_rate": 0.010631220800325004
}