{
  "duration_seconds": 263.63997916666665,
  "bpm": 148.0,
  "key": "E minor",
  "energy_level": 1.0,
  "tempo_category": "fast",
  "spectral_centroid": 1931.79773830396,
  "zero_crossing_rate": 0.03417696132722418
}