{
  "duration_seconds": 258.67997916666667,
  "bpm": 119.7,
  "key": "G minor",
  "energy_level": 1.0,
  "tempo_category": "upbeat",
  "spectral_centroid": 1850.3343129042737,
  "zero_crossing_rate": 0.02754130136174336
}