{
  "duration_seconds": 211.15997916666666,
  "bpm": 102.3,
  "key": "D minor",
  "energy_level": 1.0,
  "tempo_category": "mid_tempo",
  "spectral_centroid": 705.7606939968327,
  "zero_crossing_rate": 0.013696958701128959
}