{
  "duration_seconds": 163.67997916666667,
  "bpm": 87.9,
  "key": "D minor",
  "energy_level": 1.0,
  "tempo_category": "mid_tempo",
  "spectral_centroid": 1432.364424688044,
  "zero_crossing_rate": 0.023153186349380905
}