{
  "duration_seconds": 115.83997916666667,
  "bpm": 86.5,
  "key": "G minor",
  "energy_level": 1.0,
  "tempo_category": "mid_tempo",
  "spectral_centroid": 1020.4014451781696,
  "zero_crossing_rate": 0.017966052313535912
}