{
  "duration_seconds": 144.99997916666666,
  "bpm": 86.5,
  "key": "G# minor",
  "energy_level": 1.0,
  "tempo_category": "mid_tempo",
  "spectral_centroid": 1569.2645512626602,
  "zero_crossing_rate": 0.02743318801033544
}