{
  "duration_seconds": 322.23997916666667,
  "bpm": 112.5,
  "key": "E minor",
  "energy_level": 1.0,
  "tempo_category": "upbeat",
  "spectral_centroid": 956.788555829699,
  "zero_crossing_rate": 0.00806081065355015
}