{
  "duration_seconds": 197.87997916666666,
  "bpm": 127.8,
  "key": "D# major",
  "energy_level": 1.0,
  "tempo_category": "upbeat",
  "spectral_centroid": 1936.6729637174928,
  "zero_crossing_rate": 0.028019847927447175
}