{
  "duration_seconds": 236.39997916666667,
  "bpm": 100.4,
  "key": "D minor",
  "energy_level": 1.0,
  "tempo_category": "mid_tempo",
  "spectral_centroid": 2089.69096391779,
  "zero_crossing_rate": 0.030641317313766188
}