{
  "duration_seconds": 259.0399791666667,
  "bpm": 106.1,
  "key": "F# major",
  "energy_level": 1.0,
  "tempo_category": "mid_tempo",
  "spectral_centroid": 1832.0946580723507,
  "zero_crossing_rate": 0.030043622606547252
}