{
  "duration_seconds": 159.75997916666665,
  "bpm": 87.9,
  "key": "G minor",
  "energy_level": 1.0,
  "tempo_category": "mid_tempo",
  "spectral_centroid": 1364.2897766652245,
  "zero_crossing_rate": 0.020584422256809988
}