{
  "duration_seconds": 348.43997916666666,
  "bpm": 106.1,
  "key": "F major",
  "energy_level": 1.0,
  "tempo_category": "mid_tempo",
  "spectral_centroid": 1902.0846527861838,
  "zero_crossing_rate": 0.03379856296109223
}