{
  "duration_seconds": 302.0399791666667,
  "bpm": 86.5,
  "key": "F minor",
  "energy_level": 1.0,
  "tempo_category": "mid_tempo",
  "spectral_centroid": 1261.4901550968198,
  "zero_crossing_rate": 0.021021476029196243
}