{
  "duration_seconds": 287.2799791666667,
  "bpm": 148.0,
  "key": "C major",
  "energy_level": 1.0,
  "tempo_category": "fast",
  "spectral_centroid": 1563.137167925059,
  "zero_crossing_rate": 0.02472637902967549
}