{
  "duration_seconds": 149.63997916666668,
  "bpm": 89.3,
  "key": "C# major",
  "energy_level": 1.0,
  "tempo_category": "mid_tempo",
  "spectral_centroid": 1924.9078589679098,
  "zero_crossing_rate": 0.030360624365154323
}