{
  "duration_seconds": 242.83997916666667,
  "bpm": 125.0,
  "key": "C minor",
  "energy_level": 1.0,
  "tempo_category": "upbeat",
  "spectral_centroid": 786.2964077656926,
  "zero_crossing_rate": 0.015897160981354592
}