{
  "duration_seconds": 237.55997916666666,
  "bpm": 125.0,
  "key": "F# major",
  "energy_level": 1.0,
  "tempo_category": "upbeat",
  "spectral_centroid": 1501.8265612818757,
  "zero_crossing_rate": 0.021592940407237787
}