{
  "duration_seconds": 209.43997916666666,
  "bpm": 165.4,
  "key": "A# minor",
  "energy_level": 1.0,
  "tempo_category": "fast",
  "spectral_centroid": 977.1230145355927,
  "zero_crossing_rate": 0.018885430592691623
}