{
  "duration_seconds": 199.79997916666667,
  "bpm": 98.7,
  "key": "D major",
  "energy_level": 1.0,
  "tempo_category": "mid_tempo",
  "spectral_centroid": 1591.5143644818902,
  "zero_crossing_rate": 0.02536356777506406
}