{
  "duration_seconds": 193.27997916666666,
  "bpm": 110.3,
  "key": "F# minor",
  "energy_level": 1.0,
  "tempo_category": "upbeat",
  "spectral_centroid": 2408.321058115798,
  "zero_crossing_rate": 0.04913092943743102
}