{
  "duration_seconds": 222.03997916666665,
  "bpm": 95.3,
  "key": "D minor",
  "energy_level": 1.0,
  "tempo_category": "mid_tempo",
  "spectral_centroid": 2022.9093959999304,
  "zero_crossing_rate": 0.035151699557453044
}