{
  "duration_seconds": 244.79997916666667,
  "bpm": 112.5,
  "key": "G minor",
  "energy_level": 1.0,
  "tempo_category": "upbeat",
  "spectral_centroid": 2795.989764258589,
  "zero_crossing_rate": 0.04668441074346405
}