{
  "duration_seconds": 283.8399791666667,
  "bpm": 104.2,
  "key": "G minor",
  "energy_level": 1.0,
  "tempo_category": "mid_tempo",
  "spectral_centroid": 2840.434499448147,
  "zero_crossing_rate": 0.039718734586386695
}