{
  "duration_seconds": 213.99997916666666,
  "bpm": 119.7,
  "key": "A# major",
  "energy_level": 1.0,
  "tempo_category": "upbeat",
  "spectral_centroid": 2255.765739338991,
  "zero_crossing_rate": 0.037496071943689875
}