{
  "duration_seconds": 247.07997916666667,
  "bpm": 108.2,
  "key": "F# major",
  "energy_level": 1.0,
  "tempo_category": "mid_tempo",
  "spectral_centroid": 2117.8941901127614,
  "zero_crossing_rate": 0.03940999250588197
}