{
  "duration_seconds": 245.51997916666667,
  "bpm": 127.8,
  "key": "G minor",
  "energy_level": 1.0,
  "tempo_category": "upbeat",
  "spectral_centroid": 3820.7878610063244,
  "zero_crossing_rate": 0.07021727476187115
}