{
  "duration_seconds": 211.75997916666665,
  "bpm": 102.3,
  "key": "G minor",
  "energy_level": 1.0,
  "tempo_category": "mid_tempo",
  "spectral_centroid": 2630.262528307086,
  "zero_crossing_rate": 0.04604312891156248
}