{
  "duration_seconds": 208.95997916666667,
  "bpm": 170.5,
  "key": "G minor",
  "energy_level": 1.0,
  "tempo_category": "fast",
  "spectral_centroid": 1883.4814437550206,
  "zero_crossing_rate": 0.03132402732580398
}