{
  "duration_seconds": 209.99997916666666,
  "bpm": 104.2,
  "key": "D# minor",
  "energy_level": 1.0,
  "tempo_category": "mid_tempo",
  "spectral_centroid": 2313.1853566644386,
  "zero_crossing_rate": 0.04416296570245835
}