{
  "duration_seconds": 207.11997916666667,
  "bpm": 104.2,
  "key": "G# minor",
  "energy_level": 1.0,
  "tempo_category": "mid_tempo",
  "spectral_centroid": 2196.292018774751,
  "zero_crossing_rate": 0.035684613663868575
}