{
  "duration_seconds": 209.59997916666666,
  "bpm": 102.3,
  "key": "D# major",
  "energy_level": 1.0,
  "tempo_category": "mid_tempo",
  "spectral_centroid": 3000.910598919447,
  "zero_crossing_rate": 0.05818274888676845
}