{
  "duration_seconds": 259.87997916666666,
  "bpm": 114.8,
  "key": "F major",
  "energy_level": 1.0,
  "tempo_category": "upbeat",
  "spectral_centroid": 1298.2832654439967,
  "zero_crossing_rate": 0.022262811230196192
}