{
  "duration_seconds": 199.95997916666667,
  "bpm": 98.7,
  "key": "D# major",
  "energy_level": 1.0,
  "tempo_category": "mid_tempo",
  "spectral_centroid": 3761.383140149872,
  "zero_crossing_rate": 0.07731752705432869
}