{
  "duration_seconds": 211.23997916666667,
  "bpm": 93.8,
  "key": "G major",
  "energy_level": 1.0,
  "tempo_category": "mid_tempo",
  "spectral_centroid": 1359.988780899489,
  "zero_crossing_rate": 0.02287589273315997
}