{
  "duration_seconds": 273.7199791666667,
  "bpm": 133.9,
  "key": "A minor",
  "energy_level": 1.0,
  "tempo_category": "upbeat",
  "spectral_centroid": 1675.3731191424458,
  "zero_crossing_rate": 0.022517011260570104
}