{
  "duration_seconds": 321.67997916666667,
  "bpm": 114.8,
  "key": "E minor",
  "energy_level": 1.0,
  "tempo_category": "upbeat",
  "spectral_centroid": 1441.0357242374894,
  "zero_crossing_rate": 0.022990731884989058
}