{
  "duration_seconds": 288.51997916666664,
  "bpm": 93.8,
  "key": "A# minor",
  "energy_level": 1.0,
  "tempo_category": "mid_tempo",
  "spectral_centroid": 2074.8329646413395,
  "zero_crossing_rate": 0.03007497677825428
}