{
  "duration_seconds": 308.43997916666666,
  "bpm": 125.0,
  "key": "C minor",
  "energy_level": 1.0,
  "tempo_category": "upbeat",
  "spectral_centroid": 2566.8553670481274,
  "zero_crossing_rate": 0.039249812096906665
}