{
  "duration_seconds": 208.51997916666667,
  "bpm": 122.3,
  "key": "G# major",
  "energy_level": 1.0,
  "tempo_category": "upbeat",
  "spectral_centroid": 2048.1226143393537,
  "zero_crossing_rate": 0.02728989893984347
}