{
  "duration_seconds": 221.59997916666666,
  "bpm": 117.2,
  "key": "F# minor",
  "energy_level": 1.0,
  "tempo_category": "upbeat",
  "spectral_centroid": 3004.8099368500593,
  "zero_crossing_rate": 0.05635339105746089
}