{
  "duration_seconds": 191.95997916666667,
  "bpm": 110.3,
  "key": "G major",
  "energy_level": 1.0,
  "tempo_category": "upbeat",
  "spectral_centroid": 1516.0961715870185,
  "zero_crossing_rate": 0.024869189352739345
}