{
  "duration_seconds": 227.87997916666666,
  "bpm": 137.2,
  "key": "A# major",
  "energy_level": 1.0,
  "tempo_category": "upbeat",
  "spectral_centroid": 1190.146700762297,
  "zero_crossing_rate": 0.019432332135835985
}