{
  "duration_seconds": 233.91997916666668,
  "bpm": 100.4,
  "key": "B major",
  "energy_level": 1.0,
  "tempo_category": "mid_tempo",
  "spectral_centroid": 2897.301028474549,
  "zero_crossing_rate": 0.04515806686046512
}