{
  "duration_seconds": 249.31997916666666,
  "bpm": 110.3,
  "key": "G# minor",
  "energy_level": 1.0,
  "tempo_category": "upbeat",
  "spectral_centroid": 2453.2100058490314,
  "zero_crossing_rate": 0.03826076533354368
}