{
  "duration_seconds": 221.59997916666666,
  "bpm": 86.5,
  "key": "G major",
  "energy_level": 1.0,
  "tempo_category": "mid_tempo",
  "spectral_centroid": 2083.078635136561,
  "zero_crossing_rate": 0.038040952166064984
}