{
  "duration_seconds": 182.31997916666666,
  "bpm": 95.3,
  "key": "C# major",
  "energy_level": 1.0,
  "tempo_category": "mid_tempo",
  "spectral_centroid": 3134.3762078852305,
  "zero_crossing_rate": 0.0621304396810829
}