{
  "duration_seconds": 243.07997916666667,
  "bpm": 156.2,
  "key": "F major",
  "energy_level": 1.0,
  "tempo_category": "fast",
  "spectral_centroid": 2645.1250883954262,
  "zero_crossing_rate": 0.046205667516400456
}