{
  "duration_seconds": 225.35997916666668,
  "bpm": 127.8,
  "key": "D minor",
  "energy_level": 1.0,
  "tempo_category": "upbeat",
  "spectral_centroid": 2340.579607766628,
  "zero_crossing_rate": 0.04366190692593951
}