{
  "duration_seconds": 149.95997916666667,
  "bpm": 106.1,
  "key": "G# major",
  "energy_level": 1.0,
  "tempo_category": "mid_tempo",
  "spectral_centroid": 1848.2557765655376,
  "zero_crossing_rate": 0.028443954384202292
}