{
  "duration_seconds": 239.07997916666667,
  "bpm": 104.2,
  "key": "F# minor",
  "energy_level": 1.0,
  "tempo_category": "mid_tempo",
  "spectral_centroid": 2622.2851636554183,
  "zero_crossing_rate": 0.04382216384709334
}