{
  "duration_seconds": 269.7199791666667,
  "bpm": 104.2,
  "key": "C major",
  "energy_level": 1.0,
  "tempo_category": "mid_tempo",
  "spectral_centroid": 2508.7853968735076,
  "zero_crossing_rate": 0.03803567467349824
}