{
  "duration_seconds": 219.35997916666668,
  "bpm": 87.9,
  "key": "A# minor",
  "energy_level": 1.0,
  "tempo_category": "mid_tempo",
  "spectral_centroid": 1608.441884420889,
  "zero_crossing_rate": 0.03164155098924143
}