{
  "duration_seconds": 163.31997916666666,
  "bpm": 97.0,
  "key": "E major",
  "energy_level": 1.0,
  "tempo_category": "mid_tempo",
  "spectral_centroid": 2926.4651342111492,
  "zero_crossing_rate": 0.04444032228603383
}