{
  "duration_seconds": 308.1599791666667,
  "bpm": 110.3,
  "key": "G# minor",
  "energy_level": 1.0,
  "tempo_category": "upbeat",
  "spectral_centroid": 2968.8085253095956,
  "zero_crossing_rate": 0.04620472454785393
}