{
  "duration_seconds": 205.23997916666667,
  "bpm": 122.3,
  "key": "G minor",
  "energy_level": 1.0,
  "tempo_category": "upbeat",
  "spectral_centroid": 2602.5315672225756,
  "zero_crossing_rate": 0.04718443257262758
}