{
  "duration_seconds": 209.95997916666667,
  "bpm": 125.0,
  "key": "G# major",
  "energy_level": 1.0,
  "tempo_category": "upbeat",
  "spectral_centroid": 2709.31676483225,
  "zero_crossing_rate": 0.042256520206766915
}