{
  "duration_seconds": 299.63997916666665,
  "bpm": 112.5,
  "key": "F minor",
  "energy_level": 1.0,
  "tempo_category": "upbeat",
  "spectral_centroid": 1822.1449591893702,
  "zero_crossing_rate": 0.02858762267171259
}