{
  "duration_seconds": 224.11997916666667,
  "bpm": 97.0,
  "key": "F# major",
  "energy_level": 1.0,
  "tempo_category": "mid_tempo",
  "spectral_centroid": 1684.5391844191138,
  "zero_crossing_rate": 0.02342859976590758
}