{
  "duration_seconds": 238.11997916666667,
  "bpm": 119.7,
  "key": "C major",
  "energy_level": 1.0,
  "tempo_category": "upbeat",
  "spectral_centroid": 1302.0842958241894,
  "zero_crossing_rate": 0.017860629955429135
}