{
  "duration_seconds": 172.75997916666665,
  "bpm": 100.4,
  "key": "D minor",
  "energy_level": 1.0,
  "tempo_category": "mid_tempo",
  "spectral_centroid": 2676.6711410868993,
  "zero_crossing_rate": 0.049890001813607456
}