{
  "duration_seconds": 232.39997916666667,
  "bpm": 119.7,
  "key": "F# major",
  "energy_level": 1.0,
  "tempo_category": "upbeat",
  "spectral_centroid": 1665.5663431356277,
  "zero_crossing_rate": 0.03032545240642785
}