{
  "duration_seconds": 264.3599791666667,
  "bpm": 125.0,
  "key": "E major",
  "energy_level": 1.0,
  "tempo_category": "upbeat",
  "spectral_centroid": 2514.226632646103,
  "zero_crossing_rate": 0.03814785922243181
}