{
  "duration_seconds": 208.75997916666665,
  "bpm": 122.3,
  "key": "D# major",
  "energy_level": 1.0,
  "tempo_category": "upbeat",
  "spectral_centroid": 2088.145731099173,
  "zero_crossing_rate": 0.03599487529219037
}