{
  "duration_seconds": 183.95997916666667,
  "bpm": 100.4,
  "key": "E major",
  "energy_level": 1.0,
  "tempo_category": "mid_tempo",
  "spectral_centroid": 1456.575265438184,
  "zero_crossing_rate": 0.027961299655374847
}