{
  "duration_seconds": 205.99997916666666,
  "bpm": 112.5,
  "key": "D minor",
  "energy_level": 1.0,
  "tempo_category": "upbeat",
  "spectral_centroid": 3332.266792622083,
  "zero_crossing_rate": 0.0650809910261223
}