{
  "duration_seconds": 304.7999791666667,
  "bpm": 108.2,
  "key": "B minor",
  "energy_level": 1.0,
  "tempo_category": "mid_tempo",
  "spectral_centroid": 1740.3415205451076,
  "zero_crossing_rate": 0.026703917869641294
}