{
  "duration_seconds": 257.67997916666667,
  "bpm": 95.3,
  "key": "C minor",
  "energy_level": 1.0,
  "tempo_category": "mid_tempo",
  "spectral_centroid": 2488.228729278873,
  "zero_crossing_rate": 0.04792907548094834
}