{
  "duration_seconds": 229.47997916666668,
  "bpm": 102.3,
  "key": "A minor",
  "energy_level": 1.0,
  "tempo_category": "mid_tempo",
  "spectral_centroid": 2879.7532260587545,
  "zero_crossing_rate": 0.04840974735927768
}