{
  "duration_seconds": 259.39997916666664,
  "bpm": 181.5,
  "key": "G# major",
  "energy_level": 1.0,
  "tempo_category": "fast",
  "spectral_centroid": 2195.8617728938675,
  "zero_crossing_rate": 0.04121915750673342
}