{
  "duration_seconds": 251.99997916666666,
  "bpm": 93.8,
  "key": "A minor",
  "energy_level": 1.0,
  "tempo_category": "mid_tempo",
  "spectral_centroid": 1830.552181129677,
  "zero_crossing_rate": 0.026768125826719575
}