{
  "duration_seconds": 242.47997916666668,
  "bpm": 127.8,
  "key": "D# minor",
  "energy_level": 1.0,
  "tempo_category": "upbeat",
  "spectral_centroid": 2631.599386400396,
  "zero_crossing_rate": 0.03678963916717987
}