{
  "duration_seconds": 355.0399791666667,
  "bpm": 114.8,
  "key": "B major",
  "energy_level": 1.0,
  "tempo_category": "upbeat",
  "spectral_centroid": 2664.770936903459,
  "zero_crossing_rate": 0.04249111895842722
}