{
  "duration_seconds": 365.7999791666667,
  "bpm": 160.7,
  "key": "F major",
  "energy_level": 1.0,
  "tempo_category": "fast",
  "spectral_centroid": 2066.5426883453756,
  "zero_crossing_rate": 0.029593582673900682
}