{
  "duration_seconds": 212.75997916666665,
  "bpm": 170.5,
  "key": "F minor",
  "energy_level": 1.0,
  "tempo_category": "fast",
  "spectral_centroid": 2087.7116770856796,
  "zero_crossing_rate": 0.03378119497136161
}