{
  "duration_seconds": 215.47997916666668,
  "bpm": 98.7,
  "key": "A major",
  "energy_level": 1.0,
  "tempo_category": "mid_tempo",
  "spectral_centroid": 1384.2117086350615,
  "zero_crossing_rate": 0.021656803395084644
}