{
  "duration_seconds": 239.07997916666667,
  "bpm": 122.3,
  "key": "G minor",
  "energy_level": 1.0,
  "tempo_category": "upbeat",
  "spectral_centroid": 1636.1512734750206,
  "zero_crossing_rate": 0.026311571276601678
}