{
  "duration_seconds": 280.51997916666664,
  "bpm": 100.4,
  "key": "A# major",
  "energy_level": 1.0,
  "tempo_category": "mid_tempo",
  "spectral_centroid": 1753.162093127294,
  "zero_crossing_rate": 0.027117423963363627
}