{
  "duration_seconds": 253.39997916666667,
  "bpm": 108.2,
  "key": "A# minor",
  "energy_level": 1.0,
  "tempo_category": "mid_tempo",
  "spectral_centroid": 2792.6715549063842,
  "zero_crossing_rate": 0.047816396055636236
}