{
  "duration_seconds": 229.75997916666665,
  "bpm": 104.2,
  "key": "G major",
  "energy_level": 1.0,
  "tempo_category": "mid_tempo",
  "spectral_centroid": 1857.2171418417063,
  "zero_crossing_rate": 0.033026854108635095
}