{
  "duration_seconds": 224.27997916666666,
  "bpm": 100.4,
  "key": "B major",
  "energy_level": 1.0,
  "tempo_category": "mid_tempo",
  "spectral_centroid": 1424.9950956659202,
  "zero_crossing_rate": 0.02400229652648975
}