{
  "duration_seconds": 267.51997916666664,
  "bpm": 119.7,
  "key": "G minor",
  "energy_level": 1.0,
  "tempo_category": "upbeat",
  "spectral_centroid": 2445.9904213137397,
  "zero_crossing_rate": 0.03944551264079944
}