{
  "duration_seconds": 242.99997916666666,
  "bpm": 119.7,
  "key": "G major",
  "energy_level": 1.0,
  "tempo_category": "upbeat",
  "spectral_centroid": 1682.6504967455785,
  "zero_crossing_rate": 0.02607814523253007
}