{
  "duration_seconds": 198.67997916666667,
  "bpm": 108.2,
  "key": "D major",
  "energy_level": 1.0,
  "tempo_category": "mid_tempo",
  "spectral_centroid": 2232.183943496769,
  "zero_crossing_rate": 0.036449158563509956
}