{
  "duration_seconds": 233.35997916666668,
  "bpm": 108.2,
  "key": "C minor",
  "energy_level": 1.0,
  "tempo_category": "mid_tempo",
  "spectral_centroid": 3150.9770856096934,
  "zero_crossing_rate": 0.05960166980671222
}