{
  "duration_seconds": 152.11997916666667,
  "bpm": 133.9,
  "key": "D# major",
  "energy_level": 1.0,
  "tempo_category": "upbeat",
  "spectral_centroid": 1327.4342984468012,
  "zero_crossing_rate": 0.022834423698026223
}