{
  "duration_seconds": 243.19997916666668,
  "bpm": 104.2,
  "key": "D# minor",
  "energy_level": 1.0,
  "tempo_category": "mid_tempo",
  "spectral_centroid": 3643.6315904443704,
  "zero_crossing_rate": 0.08111717893366228
}