{
  "duration_seconds": 193.11997916666667,
  "bpm": 160.7,
  "key": "G minor",
  "energy_level": 1.0,
  "tempo_category": "fast",
  "spectral_centroid": 1638.2060857711867,
  "zero_crossing_rate": 0.02843857338269815
}