{
  "duration_seconds": 391.99997916666666,
  "bpm": 119.7,
  "key": "F# minor",
  "energy_level": 1.0,
  "tempo_category": "upbeat",
  "spectral_centroid": 1154.1143794411287,
  "zero_crossing_rate": 0.026564811862244898
}