{
  "duration_seconds": 169.95997916666667,
  "bpm": 104.2,
  "key": "D minor",
  "energy_level": 1.0,
  "tempo_category": "mid_tempo",
  "spectral_centroid": 2849.5461882920317,
  "zero_crossing_rate": 0.05204123871320761
}