{
  "duration_seconds": 268.51997916666664,
  "bpm": 140.6,
  "key": "G# major",
  "energy_level": 1.0,
  "tempo_category": "fast",
  "spectral_centroid": 1478.0627000708223,
  "zero_crossing_rate": 0.023065732036277507
}