{
  "duration_seconds": 207.99997916666666,
  "bpm": 102.3,
  "key": "A# major",
  "energy_level": 1.0,
  "tempo_category": "mid_tempo",
  "spectral_centroid": 3404.804732131844,
  "zero_crossing_rate": 0.05440800280448718
}