{
  "duration_seconds": 342.31997916666666,
  "bpm": 114.8,
  "key": "D minor",
  "energy_level": 1.0,
  "tempo_category": "upbeat",
  "spectral_centroid": 3729.457730055857,
  "zero_crossing_rate": 0.07703884693994796
}