{
  "duration_seconds": 176.95997916666667,
  "bpm": 100.4,
  "key": "D# minor",
  "energy_level": 1.0,
  "tempo_category": "mid_tempo",
  "spectral_centroid": 1831.5308626469855,
  "zero_crossing_rate": 0.029331016425557566
}