{
  "duration_seconds": 177.43997916666666,
  "bpm": 100.4,
  "key": "A# major",
  "energy_level": 1.0,
  "tempo_category": "mid_tempo",
  "spectral_centroid": 2816.3092374712874,
  "zero_crossing_rate": 0.05597699104861737
}