{
  "duration_seconds": 274.87997916666666,
  "bpm": 104.2,
  "key": "F# major",
  "energy_level": 1.0,
  "tempo_category": "mid_tempo",
  "spectral_centroid": 1235.3721119176007,
  "zero_crossing_rate": 0.020911681915745054
}