{
  "duration_seconds": 198.47997916666668,
  "bpm": 108.2,
  "key": "G minor",
  "energy_level": 1.0,
  "tempo_category": "mid_tempo",
  "spectral_centroid": 1490.6753569477758,
  "zero_crossing_rate": 0.025269446860893163
}