{
  "duration_seconds": 117.71997916666666,
  "bpm": 130.8,
  "key": "B minor",
  "energy_level": 1.0,
  "tempo_category": "upbeat",
  "spectral_centroid": 883.0192276596702,
  "zero_crossing_rate": 0.016778479843367763
}