{
  "duration_seconds": 208.99997916666666,
  "bpm": 95.3,
  "key": "E minor",
  "energy_level": 1.0,
  "tempo_category": "mid_tempo",
  "spectral_centroid": 1979.9337988607672,
  "zero_crossing_rate": 0.03506895545989844
}