{
  "duration_seconds": 201.47997916666668,
  "bpm": 104.2,
  "key": "F minor",
  "energy_level": 1.0,
  "tempo_category": "mid_tempo",
  "spectral_centroid": 2229.9823941368136,
  "zero_crossing_rate": 0.038583292111149345
}