{
  "duration_seconds": 238.43997916666666,
  "bpm": 122.3,
  "key": "B minor",
  "energy_level": 1.0,
  "tempo_category": "upbeat",
  "spectral_centroid": 2271.5710780355967,
  "zero_crossing_rate": 0.04534853679011586
}