{
  "duration_seconds": 176.11997916666667,
  "bpm": 127.8,
  "key": "D# major",
  "energy_level": 1.0,
  "tempo_category": "upbeat",
  "spectral_centroid": 1853.9239722604825,
  "zero_crossing_rate": 0.029801982317784036
}