{
  "duration_seconds": 244.15997916666666,
  "bpm": 97.0,
  "key": "F major",
  "energy_level": 1.0,
  "tempo_category": "mid_tempo",
  "spectral_centroid": 3259.5284681461962,
  "zero_crossing_rate": 0.05479311295188947
}