{
  "duration_seconds": 245.47997916666668,
  "bpm": 114.8,
  "key": "F# major",
  "energy_level": 1.0,
  "tempo_category": "upbeat",
  "spectral_centroid": 2935.400199700686,
  "zero_crossing_rate": 0.050318725829929606
}