{
  "duration_seconds": 188.99997916666666,
  "bpm": 148.0,
  "key": "F major",
  "energy_level": 1.0,
  "tempo_category": "fast",
  "spectral_centroid": 1309.052611723356,
  "zero_crossing_rate": 0.02432023115194142
}