{
  "duration_seconds": 238.07997916666667,
  "bpm": 114.8,
  "key": "D minor",
  "energy_level": 1.0,
  "tempo_category": "upbeat",
  "spectral_centroid": 2760.7635828494845,
  "zero_crossing_rate": 0.045989246436771956
}