{
  "duration_seconds": 236.23997916666667,
  "bpm": 160.7,
  "key": "F major",
  "energy_level": 1.0,
  "tempo_category": "fast",
  "spectral_centroid": 2337.6989957666933,
  "zero_crossing_rate": 0.03580926113531696
}