{
  "duration_seconds": 269.99997916666666,
  "bpm": 122.3,
  "key": "C major",
  "energy_level": 1.0,
  "tempo_category": "upbeat",
  "spectral_centroid": 3063.296465327435,
  "zero_crossing_rate": 0.055674016007091216
}