{
  "duration_seconds": 253.03997916666665,
  "bpm": 125.0,
  "key": "F# major",
  "energy_level": 1.0,
  "tempo_category": "upbeat",
  "spectral_centroid": 729.8225612067185,
  "zero_crossing_rate": 0.01240431556400961
}