{
  "duration_seconds": 182.83997916666667,
  "bpm": 144.2,
  "key": "C major",
  "energy_level": 1.0,
  "tempo_category": "fast",
  "spectral_centroid": 943.1886241008757,
  "zero_crossing_rate": 0.01856294800417104
}