{
  "duration_seconds": 204.95997916666667,
  "bpm": 104.2,
  "key": "G minor",
  "energy_level": 1.0,
  "tempo_category": "mid_tempo",
  "spectral_centroid": 1771.6539770181319,
  "zero_crossing_rate": 0.032398216928506376
}