{
  "duration_seconds": 241.99997916666666,
  "bpm": 100.4,
  "key": "G# minor",
  "energy_level": 1.0,
  "tempo_category": "mid_tempo",
  "spectral_centroid": 2537.8544575575233,
  "zero_crossing_rate": 0.05020124384311089
}