{
  "duration_seconds": 259.9199791666667,
  "bpm": 112.5,
  "key": "B minor",
  "energy_level": 1.0,
  "tempo_category": "upbeat",
  "spectral_centroid": 2027.4814366391158,
  "zero_crossing_rate": 0.031061905117623523
}