{
  "duration_seconds": 126.99997916666666,
  "bpm": 122.3,
  "key": "B minor",
  "energy_level": 1.0,
  "tempo_category": "upbeat",
  "spectral_centroid": 2532.6088769519442,
  "zero_crossing_rate": 0.04720228417370034
}