{
  "duration_seconds": 184.79997916666667,
  "bpm": 133.9,
  "key": "F major",
  "energy_level": 1.0,
  "tempo_category": "upbeat",
  "spectral_centroid": 3402.155187326897,
  "zero_crossing_rate": 0.07140326253607504
}