{
  "duration_seconds": 194.43997916666666,
  "bpm": 100.4,
  "key": "A minor",
  "energy_level": 1.0,
  "tempo_category": "mid_tempo",
  "spectral_centroid": 2445.402276726938,
  "zero_crossing_rate": 0.0414405842424845
}