{
  "duration_seconds": 234.71997916666666,
  "bpm": 100.4,
  "key": "D minor",
  "energy_level": 1.0,
  "tempo_category": "mid_tempo",
  "spectral_centroid": 2905.8811803356384,
  "zero_crossing_rate": 0.04699136204839809
}