{
  "duration_seconds": 259.7199791666667,
  "bpm": 127.8,
  "key": "G minor",
  "energy_level": 1.0,
  "tempo_category": "upbeat",
  "spectral_centroid": 2550.3263908912922,
  "zero_crossing_rate": 0.04100106620138404
}