{
  "duration_seconds": 138.55997916666666,
  "bpm": 117.2,
  "key": "F# major",
  "energy_level": 1.0,
  "tempo_category": "upbeat",
  "spectral_centroid": 1826.755725520239,
  "zero_crossing_rate": 0.03302675736143187
}