{
  "duration_seconds": 293.31997916666666,
  "bpm": 119.7,
  "key": "D minor",
  "energy_level": 1.0,
  "tempo_category": "upbeat",
  "spectral_centroid": 1242.4124554303496,
  "zero_crossing_rate": 0.027771961594057967
}