{
  "duration_seconds": 210.71997916666666,
  "bpm": 112.5,
  "key": "B minor",
  "energy_level": 1.0,
  "tempo_category": "upbeat",
  "spectral_centroid": 2420.584546875133,
  "zero_crossing_rate": 0.05131011630758036
}