{
  "duration_seconds": 250.99997916666666,
  "bpm": 110.3,
  "key": "C major",
  "energy_level": 1.0,
  "tempo_category": "upbeat",
  "spectral_centroid": 3818.276394583356,
  "zero_crossing_rate": 0.0716846549711563
}