{
  "duration_seconds": 308.99997916666666,
  "bpm": 100.4,
  "key": "G# minor",
  "energy_level": 1.0,
  "tempo_category": "mid_tempo",
  "spectral_centroid": 2062.14867531127,
  "zero_crossing_rate": 0.03062109496358176
}