{
  "duration_seconds": 198.95997916666667,
  "bpm": 156.2,
  "key": "A# major",
  "energy_level": 1.0,
  "tempo_category": "fast",
  "spectral_centroid": 1372.385201477341,
  "zero_crossing_rate": 0.02545203645191122
}