{
  "duration_seconds": 181.11997916666667,
  "bpm": 110.3,
  "key": "A# minor",
  "energy_level": 1.0,
  "tempo_category": "upbeat",
  "spectral_centroid": 2654.53868353324,
  "zero_crossing_rate": 0.04649768914715842
}