{
  "duration_seconds": 275.9199791666667,
  "bpm": 100.4,
  "key": "F major",
  "energy_level": 1.0,
  "tempo_category": "mid_tempo",
  "spectral_centroid": 3188.3554957684437,
  "zero_crossing_rate": 0.06247189381547665
}