{
  "duration_seconds": 383.95997916666664,
  "bpm": 100.4,
  "key": "F# major",
  "energy_level": 1.0,
  "tempo_category": "mid_tempo",
  "spectral_centroid": 1823.0227736202846,
  "zero_crossing_rate": 0.03355504234727894
}