{
  "duration_seconds": 225.83997916666667,
  "bpm": 112.5,
  "key": "G major",
  "energy_level": 1.0,
  "tempo_category": "upbeat",
  "spectral_centroid": 1745.5937690054918,
  "zero_crossing_rate": 0.025599124068684174
}