{
  "duration_seconds": 178.15997916666666,
  "bpm": 144.2,
  "key": "D# major",
  "energy_level": 1.0,
  "tempo_category": "fast",
  "spectral_centroid": 1030.8474032318802,
  "zero_crossing_rate": 0.019590037858094354
}