{
  "duration_seconds": 299.23997916666667,
  "bpm": 122.3,
  "key": "G minor",
  "energy_level": 1.0,
  "tempo_category": "upbeat",
  "spectral_centroid": 1977.8354831922181,
  "zero_crossing_rate": 0.0376622986026948
}