{
  "duration_seconds": 146.51997916666667,
  "bpm": 156.2,
  "key": "A# major",
  "energy_level": 1.0,
  "tempo_category": "fast",
  "spectral_centroid": 1622.7170595121531,
  "zero_crossing_rate": 0.024869358018035234
}