{
  "duration_seconds": 202.75997916666665,
  "bpm": 140.6,
  "key": "G major",
  "energy_level": 1.0,
  "tempo_category": "fast",
  "spectral_centroid": 2559.5344311395406,
  "zero_crossing_rate": 0.04460615797944395
}