{
  "duration_seconds": 109.31997916666667,
  "bpm": 79.2,
  "key": "A minor",
  "energy_level": 1.0,
  "tempo_category": "slow",
  "spectral_centroid": 976.9705661937816,
  "zero_crossing_rate": 0.018755545510537614
}