{
  "duration_seconds": 208.51997916666667,
  "bpm": 117.2,
  "key": "G major",
  "energy_level": 1.0,
  "tempo_category": "upbeat",
  "spectral_centroid": 2748.0031356763748,
  "zero_crossing_rate": 0.04603366460560643
}