{
  "duration_seconds": 184.87997916666666,
  "bpm": 114.8,
  "key": "G major",
  "energy_level": 1.0,
  "tempo_category": "upbeat",
  "spectral_centroid": 1708.8351592055756,
  "zero_crossing_rate": 0.030330905552270235
}