{
  "duration_seconds": 189.27997916666666,
  "bpm": 112.5,
  "key": "G major",
  "energy_level": 1.0,
  "tempo_category": "upbeat",
  "spectral_centroid": 2087.7229636763523,
  "zero_crossing_rate": 0.032495454265285995
}