{
  "duration_seconds": 197.79997916666667,
  "bpm": 122.3,
  "key": "A minor",
  "energy_level": 1.0,
  "tempo_category": "upbeat",
  "spectral_centroid": 3084.92737649461,
  "zero_crossing_rate": 0.05787820626786292
}