{
  "duration_seconds": 238.27997916666666,
  "bpm": 119.7,
  "key": "A# major",
  "energy_level": 1.0,
  "tempo_category": "upbeat",
  "spectral_centroid": 1188.0162828325667,
  "zero_crossing_rate": 0.023129742266887507
}