{
  "duration_seconds": 221.99997916666666,
  "bpm": 112.5,
  "key": "F major",
  "energy_level": 1.0,
  "tempo_category": "upbeat",
  "spectral_centroid": 3298.090263178933,
  "zero_crossing_rate": 0.06449955312635132
}