{
  "duration_seconds": 207.95997916666667,
  "bpm": 140.6,
  "key": "A# minor",
  "energy_level": 1.0,
  "tempo_category": "fast",
  "spectral_centroid": 2899.566364197517,
  "zero_crossing_rate": 0.053418524724957686
}