{
  "duration_seconds": 244.11997916666667,
  "bpm": 119.7,
  "key": "D major",
  "energy_level": 1.0,
  "tempo_category": "upbeat",
  "spectral_centroid": 1980.0640229865178,
  "zero_crossing_rate": 0.033935792221020666
}