{
  "duration_seconds": 307.3599791666667,
  "bpm": 100.4,
  "key": "D minor",
  "energy_level": 1.0,
  "tempo_category": "mid_tempo",
  "spectral_centroid": 752.6004867010779,
  "zero_crossing_rate": 0.011995586744100294
}