{
  "duration_seconds": 209.75997916666665,
  "bpm": 114.8,
  "key": "A# minor",
  "energy_level": 1.0,
  "tempo_category": "upbeat",
  "spectral_centroid": 2275.240645611814,
  "zero_crossing_rate": 0.03702023542779049
}