{
  "duration_seconds": 300.8399791666667,
  "bpm": 170.5,
  "key": "F# major",
  "energy_level": 1.0,
  "tempo_category": "fast",
  "spectral_centroid": 2308.6978374375103,
  "zero_crossing_rate": 0.04113890718625904
}