{
  "duration_seconds": 212.31997916666666,
  "bpm": 119.7,
  "key": "C# major",
  "energy_level": 1.0,
  "tempo_category": "upbeat",
  "spectral_centroid": 2385.2418929628175,
  "zero_crossing_rate": 0.04002856341057523
}