{
  "duration_seconds": 225.19997916666668,
  "bpm": 137.2,
  "key": "D# major",
  "energy_level": 1.0,
  "tempo_category": "upbeat",
  "spectral_centroid": 2072.0473048185727,
  "zero_crossing_rate": 0.04106183283107564
}