{
  "duration_seconds": 221.99997916666666,
  "bpm": 127.8,
  "key": "C# major",
  "energy_level": 1.0,
  "tempo_category": "upbeat",
  "spectral_centroid": 2960.2777106525773,
  "zero_crossing_rate": 0.05905713976841397
}