{
  "duration_seconds": 212.59997916666666,
  "bpm": 122.3,
  "key": "F major",
  "energy_level": 1.0,
  "tempo_category": "upbeat",
  "spectral_centroid": 3258.413816473072,
  "zero_crossing_rate": 0.06402885533470049
}