{
  "duration_seconds": 232.99997916666666,
  "bpm": 106.1,
  "key": "G minor",
  "energy_level": 1.0,
  "tempo_category": "mid_tempo",
  "spectral_centroid": 589.0891081249052,
  "zero_crossing_rate": 0.011549760517762315
}