{
  "duration_seconds": 201.43997916666666,
  "bpm": 112.5,
  "key": "C major",
  "energy_level": 1.0,
  "tempo_category": "upbeat",
  "spectral_centroid": 903.5395176989331,
  "zero_crossing_rate": 0.015554000777733652
}