{
  "duration_seconds": 226.55997916666666,
  "bpm": 119.7,
  "key": "D# major",
  "energy_level": 1.0,
  "tempo_category": "upbeat",
  "spectral_centroid": 2845.083835646064,
  "zero_crossing_rate": 0.05307513738082627
}