{
  "duration_seconds": 284.5999791666667,
  "bpm": 117.2,
  "key": "F minor",
  "energy_level": 1.0,
  "tempo_category": "upbeat",
  "spectral_centroid": 1646.2346781825277,
  "zero_crossing_rate": 0.026310494024529646
}