{
  "duration_seconds": 286.19997916666665,
  "bpm": 125.0,
  "key": "G# minor",
  "energy_level": 1.0,
  "tempo_category": "upbeat",
  "spectral_centroid": 2323.92808019721,
  "zero_crossing_rate": 0.03962204352545468
}