{
  "duration_seconds": 215.99997916666666,
  "bpm": 100.4,
  "key": "G major",
  "energy_level": 1.0,
  "tempo_category": "mid_tempo",
  "spectral_centroid": 2163.9904846544714,
  "zero_crossing_rate": 0.0326587818287037
}