{
  "duration_seconds": 229.83997916666667,
  "bpm": 144.2,
  "key": "F# major",
  "energy_level": 1.0,
  "tempo_category": "fast",
  "spectral_centroid": 1287.6557141210826,
  "zero_crossing_rate": 0.025404153118908947
}