{
  "duration_seconds": 203.43997916666666,
  "bpm": 170.5,
  "key": "A# minor",
  "energy_level": 1.0,
  "tempo_category": "fast",
  "spectral_centroid": 1338.1367136455594,
  "zero_crossing_rate": 0.02592132653161537
}