{
  "duration_seconds": 178.83997916666667,
  "bpm": 102.3,
  "key": "C major",
  "energy_level": 1.0,
  "tempo_category": "mid_tempo",
  "spectral_centroid": 1272.549202926836,
  "zero_crossing_rate": 0.021010916625663505
}