{
  "duration_seconds": 232.39997916666667,
  "bpm": 110.3,
  "key": "G major",
  "energy_level": 1.0,
  "tempo_category": "upbeat",
  "spectral_centroid": 3063.1382382724896,
  "zero_crossing_rate": 0.05509954052976409
}