{
  "duration_seconds": 358.5999791666667,
  "bpm": 119.7,
  "key": "C major",
  "energy_level": 1.0,
  "tempo_category": "upbeat",
  "spectral_centroid": 1873.5187313740576,
  "zero_crossing_rate": 0.02988303326429995
}