{
  "duration_seconds": 235.47997916666668,
  "bpm": 160.7,
  "key": "A major",
  "energy_level": 1.0,
  "tempo_category": "fast",
  "spectral_centroid": 1001.5020152029902,
  "zero_crossing_rate": 0.022567321194002808
}