{
  "duration_seconds": 50.95997916666666,
  "bpm": 152.0,
  "key": "G minor",
  "energy_level": 1.0,
  "tempo_category": "fast",
  "spectral_centroid": 793.3805389699297,
  "zero_crossing_rate": 0.0158030213347635
}