{
  "duration_seconds": 299.11997916666667,
  "bpm": 119.7,
  "key": "G# major",
  "energy_level": 1.0,
  "tempo_category": "upbeat",
  "spectral_centroid": 2167.474915080164,
  "zero_crossing_rate": 0.034763281361436006
}