{
  "duration_seconds": 164.95997916666667,
  "bpm": 114.8,
  "key": "F# minor",
  "energy_level": 1.0,
  "tempo_category": "upbeat",
  "spectral_centroid": 1963.1684530238797,
  "zero_crossing_rate": 0.03324975877990624
}