{
  "duration_seconds": 204.91997916666668,
  "bpm": 119.7,
  "key": "E major",
  "energy_level": 1.0,
  "tempo_category": "upbeat",
  "spectral_centroid": 1722.453119275253,
  "zero_crossing_rate": 0.028143954828037165
}