{
  "duration_seconds": 279.95997916666664,
  "bpm": 119.7,
  "key": "C major",
  "energy_level": 1.0,
  "tempo_category": "upbeat",
  "spectral_centroid": 2516.3543684140964,
  "zero_crossing_rate": 0.04125315214595954
}