{
  "duration_seconds": 479.95997916666664,
  "bpm": 100.4,
  "key": "D major",
  "energy_level": 1.0,
  "tempo_category": "mid_tempo",
  "spectral_centroid": 2412.2794901046186,
  "zero_crossing_rate": 0.0459427872448441
}