{
  "duration_seconds": 400.9199791666667,
  "bpm": 140.6,
  "key": "G minor",
  "energy_level": 1.0,
  "tempo_category": "fast",
  "spectral_centroid": 3277.4077730927947,
  "zero_crossing_rate": 0.06839095537935323
}