{
  "duration_seconds": 272.31997916666666,
  "bpm": 133.9,
  "key": "F# major",
  "energy_level": 1.0,
  "tempo_category": "upbeat",
  "spectral_centroid": 3284.2048766562875,
  "zero_crossing_rate": 0.046494033520613
}