{
  "duration_seconds": 252.43997916666666,
  "bpm": 117.2,
  "key": "E minor",
  "energy_level": 1.0,
  "tempo_category": "upbeat",
  "spectral_centroid": 1604.4568530922988,
  "zero_crossing_rate": 0.02627269609318883
}