{
  "duration_seconds": 249.91997916666668,
  "bpm": 104.2,
  "key": "B minor",
  "energy_level": 1.0,
  "tempo_category": "mid_tempo",
  "spectral_centroid": 1393.962011213298,
  "zero_crossing_rate": 0.03001891855393726
}