{
  "duration_seconds": 289.99997916666666,
  "bpm": 133.9,
  "key": "C# major",
  "energy_level": 1.0,
  "tempo_category": "upbeat",
  "spectral_centroid": 1885.8911537969184,
  "zero_crossing_rate": 0.03131799443918273
}