{
  "duration_seconds": 239.95997916666667,
  "bpm": 160.7,
  "key": "G minor",
  "energy_level": 1.0,
  "tempo_category": "fast",
  "spectral_centroid": 1141.3665657372107,
  "zero_crossing_rate": 0.02341115100068898
}