{
  "duration_seconds": 259.95997916666664,
  "bpm": 148.0,
  "key": "F major",
  "energy_level": 1.0,
  "tempo_category": "fast",
  "spectral_centroid": 1801.0280793683826,
  "zero_crossing_rate": 0.026630000294908092
}