{
  "duration_seconds": 264.87997916666666,
  "bpm": 160.7,
  "key": "D major",
  "energy_level": 1.0,
  "tempo_category": "fast",
  "spectral_centroid": 829.9569445434298,
  "zero_crossing_rate": 0.013152054945787863
}