{
  "duration_seconds": 278.43997916666666,
  "bpm": 140.6,
  "key": "A# major",
  "energy_level": 1.0,
  "tempo_category": "fast",
  "spectral_centroid": 1632.9177446571812,
  "zero_crossing_rate": 0.028407703321330063
}