{
  "duration_seconds": 283.5999791666667,
  "bpm": 130.8,
  "key": "E major",
  "energy_level": 1.0,
  "tempo_category": "upbeat",
  "spectral_centroid": 1639.2543547659448,
  "zero_crossing_rate": 0.025284587090510756
}