{
  "duration_seconds": 170.39997916666667,
  "bpm": 117.2,
  "key": "G major",
  "energy_level": 1.0,
  "tempo_category": "upbeat",
  "spectral_centroid": 1365.801355660892,
  "zero_crossing_rate": 0.021409826144366196
}