{
  "duration_seconds": 289.23997916666667,
  "bpm": 122.3,
  "key": "D major",
  "energy_level": 1.0,
  "tempo_category": "upbeat",
  "spectral_centroid": 1967.9911090393546,
  "zero_crossing_rate": 0.031002933324805474
}