{
  "duration_seconds": 236.19997916666668,
  "bpm": 114.8,
  "key": "D# minor",
  "energy_level": 1.0,
  "tempo_category": "upbeat",
  "spectral_centroid": 532.1728655586758,
  "zero_crossing_rate": 0.011643536518074874
}