{
  "duration_seconds": 253.47997916666668,
  "bpm": 137.2,
  "key": "A# major",
  "energy_level": 1.0,
  "tempo_category": "upbeat",
  "spectral_centroid": 1120.7274319208282,
  "zero_crossing_rate": 0.019538215466409273
}