{
  "duration_seconds": 259.39997916666664,
  "bpm": 112.5,
  "key": "C minor",
  "energy_level": 1.0,
  "tempo_category": "upbeat",
  "spectral_centroid": 1325.822323045462,
  "zero_crossing_rate": 0.020270849824211522
}