{
  "duration_seconds": 352.99997916666666,
  "bpm": 133.9,
  "key": "D# major",
  "energy_level": 1.0,
  "tempo_category": "upbeat",
  "spectral_centroid": 1614.9391660165184,
  "zero_crossing_rate": 0.02278309925420771
}