{
  "duration_seconds": 192.83997916666667,
  "bpm": 152.0,
  "key": "D# major",
  "energy_level": 1.0,
  "tempo_category": "fast",
  "spectral_centroid": 1155.4467283832275,
  "zero_crossing_rate": 0.01730342459656231
}