{
  "duration_seconds": 288.95997916666664,
  "bpm": 119.7,
  "key": "G minor",
  "energy_level": 1.0,
  "tempo_category": "upbeat",
  "spectral_centroid": 2221.807364363461,
  "zero_crossing_rate": 0.038119246608527134
}