{
  "duration_seconds": 267.51997916666664,
  "bpm": 160.7,
  "key": "G major",
  "energy_level": 1.0,
  "tempo_category": "fast",
  "spectral_centroid": 1273.2054660759677,
  "zero_crossing_rate": 0.01914424622458134
}