{
  "duration_seconds": 194.87997916666666,
  "bpm": 117.2,
  "key": "B minor",
  "energy_level": 1.0,
  "tempo_category": "upbeat",
  "spectral_centroid": 2213.9652536022554,
  "zero_crossing_rate": 0.03164495458743842
}