{
  "duration_seconds": 213.99997916666666,
  "bpm": 110.3,
  "key": "C minor",
  "energy_level": 1.0,
  "tempo_category": "upbeat",
  "spectral_centroid": 2061.447471220622,
  "zero_crossing_rate": 0.0381951394124134
}