{
  "duration_seconds": 299.0399791666667,
  "bpm": 110.3,
  "key": "G major",
  "energy_level": 1.0,
  "tempo_category": "upbeat",
  "spectral_centroid": 2531.7563282308424,
  "zero_crossing_rate": 0.04185840871343856
}