{
  "duration_seconds": 154.91997916666668,
  "bpm": 119.7,
  "key": "G# major",
  "energy_level": 1.0,
  "tempo_category": "upbeat",
  "spectral_centroid": 2273.6007951370884,
  "zero_crossing_rate": 0.03967977706081314
}