{
  "duration_seconds": 215.99997916666666,
  "bpm": 90.7,
  "key": "G major",
  "energy_level": 1.0,
  "tempo_category": "mid_tempo",
  "spectral_centroid": 1363.23923425025,
  "zero_crossing_rate": 0.017794921875
}