{
  "duration_seconds": 277.8399791666667,
  "bpm": 125.0,
  "key": "D major",
  "energy_level": 1.0,
  "tempo_category": "upbeat",
  "spectral_centroid": 2548.4388501338117,
  "zero_crossing_rate": 0.048115254620076396
}