{
  "duration_seconds": 292.11997916666667,
  "bpm": 100.4,
  "key": "G major",
  "energy_level": 1.0,
  "tempo_category": "mid_tempo",
  "spectral_centroid": 1282.7049963359564,
  "zero_crossing_rate": 0.01913559010661993
}