{
  "duration_seconds": 184.91997916666668,
  "bpm": 170.5,
  "key": "A# minor",
  "energy_level": 1.0,
  "tempo_category": "fast",
  "spectral_centroid": 840.9798536721205,
  "zero_crossing_rate": 0.01843651087630501
}