{
  "duration_seconds": 213.43997916666666,
  "bpm": 110.3,
  "key": "A# major",
  "energy_level": 1.0,
  "tempo_category": "upbeat",
  "spectral_centroid": 1679.5872958618781,
  "zero_crossing_rate": 0.030660792650549724
}