{
  "duration_seconds": 168.99997916666666,
  "bpm": 122.3,
  "key": "C major",
  "energy_level": 1.0,
  "tempo_category": "upbeat",
  "spectral_centroid": 1350.2622178478264,
  "zero_crossing_rate": 0.01503813179476458
}