{
  "duration_seconds": 233.79997916666667,
  "bpm": 100.4,
  "key": "A major",
  "energy_level": 1.0,
  "tempo_category": "mid_tempo",
  "spectral_centroid": 1489.4181217938624,
  "zero_crossing_rate": 0.023792277461905195
}