{
  "duration_seconds": 234.63997916666668,
  "bpm": 119.7,
  "key": "A# major",
  "energy_level": 1.0,
  "tempo_category": "upbeat",
  "spectral_centroid": 3335.1624866549873,
  "zero_crossing_rate": 0.07008618326097828
}