{
  "duration_seconds": 244.43997916666666,
  "bpm": 110.3,
  "key": "D minor",
  "energy_level": 1.0,
  "tempo_category": "upbeat",
  "spectral_centroid": 2713.3200770363737,
  "zero_crossing_rate": 0.05040035355167561
}