{
  "duration_seconds": 264.43997916666666,
  "bpm": 152.0,
  "key": "D minor",
  "energy_level": 1.0,
  "tempo_category": "fast",
  "spectral_centroid": 2192.7970611328833,
  "zero_crossing_rate": 0.03590411284386092
}