{
  "duration_seconds": 233.63997916666668,
  "bpm": 152.0,
  "key": "F major",
  "energy_level": 1.0,
  "tempo_category": "fast",
  "spectral_centroid": 1712.5759818197164,
  "zero_crossing_rate": 0.02856518875690513
}