{
  "duration_seconds": 334.4799791666667,
  "bpm": 137.2,
  "key": "F# major",
  "energy_level": 1.0,
  "tempo_category": "upbeat",
  "spectral_centroid": 2525.092119747487,
  "zero_crossing_rate": 0.04835002730563174
}