{
  "duration_seconds": 244.83997916666667,
  "bpm": 148.0,
  "key": "F major",
  "energy_level": 1.0,
  "tempo_category": "fast",
  "spectral_centroid": 738.5533605821018,
  "zero_crossing_rate": 0.015208618663958352
}