{
  "duration_seconds": 180.51997916666667,
  "bpm": 86.5,
  "key": "A# major",
  "energy_level": 1.0,
  "tempo_category": "mid_tempo",
  "spectral_centroid": 1199.0242054032049,
  "zero_crossing_rate": 0.02241240942965611
}