{
  "duration_seconds": 229.87997916666666,
  "bpm": 104.2,
  "key": "A major",
  "energy_level": 1.0,
  "tempo_category": "mid_tempo",
  "spectral_centroid": 2733.4899584010423,
  "zero_crossing_rate": 0.04175570458948125
}