{
  "duration_seconds": 239.99997916666666,
  "bpm": 90.7,
  "key": "D# major",
  "energy_level": 1.0,
  "tempo_category": "mid_tempo",
  "spectral_centroid": 1271.1146905697365,
  "zero_crossing_rate": 0.023431575520833334
}