{
  "duration_seconds": 277.7199791666667,
  "bpm": 156.2,
  "key": "F minor",
  "energy_level": 1.0,
  "tempo_category": "fast",
  "spectral_centroid": 2957.9080361206807,
  "zero_crossing_rate": 0.05418789172019626
}