{
  "duration_seconds": 195.87997916666666,
  "bpm": 87.9,
  "key": "E minor",
  "energy_level": 1.0,
  "tempo_category": "mid_tempo",
  "spectral_centroid": 2027.781990103807,
  "zero_crossing_rate": 0.028134455064936833
}