{
  "duration_seconds": 440.95997916666664,
  "bpm": 110.3,
  "key": "C# major",
  "energy_level": 1.0,
  "tempo_category": "upbeat",
  "spectral_centroid": 1246.2005708148436,
  "zero_crossing_rate": 0.0191557080952165
}