{
  "duration_seconds": 173.27997916666666,
  "bpm": 114.8,
  "key": "G minor",
  "energy_level": 1.0,
  "tempo_category": "upbeat",
  "spectral_centroid": 1039.9445144880924,
  "zero_crossing_rate": 0.017952759502923975
}