{
  "duration_seconds": 278.23997916666667,
  "bpm": 137.2,
  "key": "D minor",
  "energy_level": 1.0,
  "tempo_category": "upbeat",
  "spectral_centroid": 922.1694925138066,
  "zero_crossing_rate": 0.017255748933774198
}