{
  "duration_seconds": 291.07997916666665,
  "bpm": 112.5,
  "key": "G# major",
  "energy_level": 1.0,
  "tempo_category": "upbeat",
  "spectral_centroid": 1268.6796866563204,
  "zero_crossing_rate": 0.02109910357653267
}