{
  "duration_seconds": 209.71997916666666,
  "bpm": 125.0,
  "key": "E major",
  "energy_level": 1.0,
  "tempo_category": "upbeat",
  "spectral_centroid": 1638.0944066606355,
  "zero_crossing_rate": 0.026834161389990844
}