{
  "duration_seconds": 167.55997916666666,
  "bpm": 160.7,
  "key": "C major",
  "energy_level": 1.0,
  "tempo_category": "fast",
  "spectral_centroid": 784.0929229065415,
  "zero_crossing_rate": 0.017230680362371888
}