{
  "duration_seconds": 179.71997916666666,
  "bpm": 100.4,
  "key": "E major",
  "energy_level": 1.0,
  "tempo_category": "mid_tempo",
  "spectral_centroid": 2186.8178539905866,
  "zero_crossing_rate": 0.03377591145060538
}