{
  "duration_seconds": 336.31997916666666,
  "bpm": 160.7,
  "key": "G minor",
  "energy_level": 1.0,
  "tempo_category": "fast",
  "spectral_centroid": 644.6323077269246,
  "zero_crossing_rate": 0.01201493988859816
}