{
  "duration_seconds": 294.8399791666667,
  "bpm": 104.2,
  "key": "D major",
  "energy_level": 1.0,
  "tempo_category": "mid_tempo",
  "spectral_centroid": 1364.6236428684795,
  "zero_crossing_rate": 0.0201766743655488
}