{
  "duration_seconds": 309.95997916666664,
  "bpm": 152.0,
  "key": "F# major",
  "energy_level": 1.0,
  "tempo_category": "fast",
  "spectral_centroid": 2149.8824699437223,
  "zero_crossing_rate": 0.02898668979490003
}