{
  "duration_seconds": 194.83997916666667,
  "bpm": 160.7,
  "key": "F major",
  "energy_level": 1.0,
  "tempo_category": "fast",
  "spectral_centroid": 421.2302514168572,
  "zero_crossing_rate": 0.009059919997468111
}