{
  "duration_seconds": 183.51997916666667,
  "bpm": 85.2,
  "key": "C major",
  "energy_level": 1.0,
  "tempo_category": "mid_tempo",
  "spectral_centroid": 1838.4322046462682,
  "zero_crossing_rate": 0.02389799703937809
}