{
  "duration_seconds": 204.95997916666667,
  "bpm": 85.2,
  "key": "G# major",
  "energy_level": 1.0,
  "tempo_category": "mid_tempo",
  "spectral_centroid": 922.2923135683299,
  "zero_crossing_rate": 0.016237212952120737
}