{
  "duration_seconds": 380.87997916666666,
  "bpm": 95.3,
  "key": "G# major",
  "energy_level": 1.0,
  "tempo_category": "mid_tempo",
  "spectral_centroid": 1622.7260705314281,
  "zero_crossing_rate": 0.02576815824272572
}