{
  "duration_seconds": 266.63997916666665,
  "bpm": 125.0,
  "key": "C minor",
  "energy_level": 1.0,
  "tempo_category": "upbeat",
  "spectral_centroid": 1954.9746907630924,
  "zero_crossing_rate": 0.029948059907292584
}