{
  "duration_seconds": 161.27997916666666,
  "bpm": 78.1,
  "key": "C major",
  "energy_level": 1.0,
  "tempo_category": "slow",
  "spectral_centroid": 1128.2143453471456,
  "zero_crossing_rate": 0.016863141741071428
}