{
  "duration_seconds": 249.67997916666667,
  "bpm": 104.2,
  "key": "G minor",
  "energy_level": 1.0,
  "tempo_category": "mid_tempo",
  "spectral_centroid": 1687.4144114580547,
  "zero_crossing_rate": 0.03047133241706895
}