{
  "duration_seconds": 145.95997916666667,
  "bpm": 81.5,
  "key": "A# major",
  "energy_level": 0.981,
  "tempo_category": "mid_tempo",
  "spectral_centroid": 950.186255723389,
  "zero_crossing_rate": 0.02148933488700307
}