{
  "duration_seconds": 214.95997916666667,
  "bpm": 102.3,
  "key": "F minor",
  "energy_level": 1.0,
  "tempo_category": "mid_tempo",
  "spectral_centroid": 1474.1371245846449,
  "zero_crossing_rate": 0.020513603162370365
}