{
  "duration_seconds": 261.55997916666666,
  "bpm": 117.2,
  "key": "D# minor",
  "energy_level": 1.0,
  "tempo_category": "upbeat",
  "spectral_centroid": 2082.7560237368793,
  "zero_crossing_rate": 0.03709822429858902
}