{
  "duration_seconds": 229.51997916666667,
  "bpm": 119.7,
  "key": "D# minor",
  "energy_level": 1.0,
  "tempo_category": "upbeat",
  "spectral_centroid": 965.0555948648866,
  "zero_crossing_rate": 0.018417425055476812
}