{
  "duration_seconds": 166.03997916666665,
  "bpm": 81.5,
  "key": "A# major",
  "energy_level": 1.0,
  "tempo_category": "mid_tempo",
  "spectral_centroid": 1008.3742281986124,
  "zero_crossing_rate": 0.02208513627585598
}