{
  "duration_seconds": 303.51997916666664,
  "bpm": 90.7,
  "key": "D major",
  "energy_level": 1.0,
  "tempo_category": "mid_tempo",
  "spectral_centroid": 955.1733941902414,
  "zero_crossing_rate": 0.015081824646371464
}