{
  "duration_seconds": 154.51997916666667,
  "bpm": 175.8,
  "key": "G major",
  "energy_level": 1.0,
  "tempo_category": "fast",
  "spectral_centroid": 952.0614739930567,
  "zero_crossing_rate": 0.01453973956176227
}