{
  "duration_seconds": 208.11997916666667,
  "bpm": 125.0,
  "key": "A# minor",
  "energy_level": 1.0,
  "tempo_category": "upbeat",
  "spectral_centroid": 1728.1514834173122,
  "zero_crossing_rate": 0.02983330370413079
}