{
  "duration_seconds": 88.75997916666667,
  "bpm": 82.7,
  "key": "G major",
  "energy_level": 0.954,
  "tempo_category": "mid_tempo",
  "spectral_centroid": 1880.6297089579255,
  "zero_crossing_rate": 0.031134530461427543
}