{
  "duration_seconds": 240.03997916666665,
  "bpm": 112.5,
  "key": "F minor",
  "energy_level": 1.0,
  "tempo_category": "upbeat",
  "spectral_centroid": 2538.259108922023,
  "zero_crossing_rate": 0.04754638671875
}