{
  "duration_seconds": 138.71997916666666,
  "bpm": 112.5,
  "key": "C major",
  "energy_level": 1.0,
  "tempo_category": "upbeat",
  "spectral_centroid": 1383.9311703255755,
  "zero_crossing_rate": 0.02595553693291042
}