{
  "duration_seconds": 191.27997916666666,
  "bpm": 112.5,
  "key": "D minor",
  "energy_level": 1.0,
  "tempo_category": "upbeat",
  "spectral_centroid": 3409.4538992163803,
  "zero_crossing_rate": 0.060528441586391014
}