{
  "duration_seconds": 228.31997916666666,
  "bpm": 102.3,
  "key": "C minor",
  "energy_level": 1.0,
  "tempo_category": "mid_tempo",
  "spectral_centroid": 2901.191338630538,
  "zero_crossing_rate": 0.049419560083800516
}