{
  "duration_seconds": 158.87997916666666,
  "bpm": 81.5,
  "key": "C# major",
  "energy_level": 1.0,
  "tempo_category": "mid_tempo",
  "spectral_centroid": 740.9510700856541,
  "zero_crossing_rate": 0.013836208931268882
}