{
  "duration_seconds": 183.35997916666668,
  "bpm": 89.3,
  "key": "F major",
  "energy_level": 1.0,
  "tempo_category": "mid_tempo",
  "spectral_centroid": 1665.5270830928152,
  "zero_crossing_rate": 0.029495936954624782
}