{
  "duration_seconds": 235.99997916666666,
  "bpm": 112.5,
  "key": "G minor",
  "energy_level": 1.0,
  "tempo_category": "upbeat",
  "spectral_centroid": 1934.9620544669403,
  "zero_crossing_rate": 0.03324499028954802
}