{
  "duration_seconds": 197.75997916666665,
  "bpm": 100.4,
  "key": "E minor",
  "energy_level": 1.0,
  "tempo_category": "mid_tempo",
  "spectral_centroid": 2118.5825136717713,
  "zero_crossing_rate": 0.0318017525451726
}