{
  "duration_seconds": 204.35997916666668,
  "bpm": 95.3,
  "key": "G# major",
  "energy_level": 1.0,
  "tempo_category": "mid_tempo",
  "spectral_centroid": 2014.0779732049252,
  "zero_crossing_rate": 0.028050571451406648
}