{
  "duration_seconds": 258.67997916666667,
  "bpm": 100.4,
  "key": "F minor",
  "energy_level": 1.0,
  "tempo_category": "mid_tempo",
  "spectral_centroid": 1661.501460185223,
  "zero_crossing_rate": 0.02671272118021194
}