{
  "duration_seconds": 256.11997916666667,
  "bpm": 110.3,
  "key": "E minor",
  "energy_level": 1.0,
  "tempo_category": "upbeat",
  "spectral_centroid": 2041.2122857533752,
  "zero_crossing_rate": 0.031498512625197816
}