{
  "duration_seconds": 349.0399791666667,
  "bpm": 175.8,
  "key": "G minor",
  "energy_level": 1.0,
  "tempo_category": "fast",
  "spectral_centroid": 1461.7175745091115,
  "zero_crossing_rate": 0.02758770410433793
}