{
  "duration_seconds": 214.51997916666667,
  "bpm": 86.5,
  "key": "E minor",
  "energy_level": 1.0,
  "tempo_category": "mid_tempo",
  "spectral_centroid": 1632.1920073900067,
  "zero_crossing_rate": 0.027598500156933672
}