{
  "duration_seconds": 239.83997916666667,
  "bpm": 133.9,
  "key": "D major",
  "energy_level": 1.0,
  "tempo_category": "upbeat",
  "spectral_centroid": 1892.33880657867,
  "zero_crossing_rate": 0.03050091119774294
}