{
  "duration_seconds": 479.95997916666664,
  "bpm": 125.0,
  "key": "D# minor",
  "energy_level": 1.0,
  "tempo_category": "upbeat",
  "spectral_centroid": 645.5985262349184,
  "zero_crossing_rate": 0.012671569597695402
}