{
  "duration_seconds": 198.07997916666667,
  "bpm": 119.7,
  "key": "F# minor",
  "energy_level": 1.0,
  "tempo_category": "upbeat",
  "spectral_centroid": 764.0886944000642,
  "zero_crossing_rate": 0.019122534666128163
}