{
  "duration_seconds": 158.63997916666668,
  "bpm": 84.0,
  "key": "C minor",
  "energy_level": 1.0,
  "tempo_category": "mid_tempo",
  "spectral_centroid": 829.8893245674504,
  "zero_crossing_rate": 0.013884974818042762
}