{
  "duration_seconds": 136.43997916666666,
  "bpm": 95.3,
  "key": "G major",
  "energy_level": 1.0,
  "tempo_category": "mid_tempo",
  "spectral_centroid": 1733.8894289478783,
  "zero_crossing_rate": 0.024886426514129926
}