{
  "duration_seconds": 171.87997916666666,
  "bpm": 160.7,
  "key": "C major",
  "energy_level": 1.0,
  "tempo_category": "fast",
  "spectral_centroid": 1230.1458745148552,
  "zero_crossing_rate": 0.024091470828937568
}