{
  "duration_seconds": 294.99997916666666,
  "bpm": 127.8,
  "key": "F minor",
  "energy_level": 1.0,
  "tempo_category": "upbeat",
  "spectral_centroid": 1978.3646341417402,
  "zero_crossing_rate": 0.03238293184704596
}