{
  "duration_seconds": 187.71997916666666,
  "bpm": 89.3,
  "key": "D major",
  "energy_level": 1.0,
  "tempo_category": "mid_tempo",
  "spectral_centroid": 1512.8453797252496,
  "zero_crossing_rate": 0.025385852889368715
}