{
  "duration_seconds": 174.03997916666665,
  "bpm": 119.7,
  "key": "G major",
  "energy_level": 1.0,
  "tempo_category": "upbeat",
  "spectral_centroid": 827.8529381227453,
  "zero_crossing_rate": 0.015588701344839738
}