{
  "duration_seconds": 244.75997916666665,
  "bpm": 119.7,
  "key": "G major",
  "energy_level": 1.0,
  "tempo_category": "upbeat",
  "spectral_centroid": 1691.7866476622132,
  "zero_crossing_rate": 0.025675461048829912
}