{
  "duration_seconds": 272.55997916666666,
  "bpm": 127.8,
  "key": "F# major",
  "energy_level": 1.0,
  "tempo_category": "upbeat",
  "spectral_centroid": 2564.8794728262897,
  "zero_crossing_rate": 0.04595008796056236
}