{
  "duration_seconds": 262.9199791666667,
  "bpm": 86.5,
  "key": "G major",
  "energy_level": 1.0,
  "tempo_category": "mid_tempo",
  "spectral_centroid": 1028.8823419564949,
  "zero_crossing_rate": 0.018457047097498885
}