{
  "duration_seconds": 223.63997916666668,
  "bpm": 117.2,
  "key": "F# major",
  "energy_level": 1.0,
  "tempo_category": "upbeat",
  "spectral_centroid": 2015.1356177676319,
  "zero_crossing_rate": 0.0357013308860352
}