{
  "duration_seconds": 196.75997916666665,
  "bpm": 133.9,
  "key": "C minor",
  "energy_level": 1.0,
  "tempo_category": "upbeat",
  "spectral_centroid": 1928.381299228166,
  "zero_crossing_rate": 0.03192036433769719
}