{
  "duration_seconds": 330.43997916666666,
  "bpm": 133.9,
  "key": "C# minor",
  "energy_level": 1.0,
  "tempo_category": "upbeat",
  "spectral_centroid": 869.2144665125086,
  "zero_crossing_rate": 0.015378124722594338
}