{
  "duration_seconds": 242.55997916666666,
  "bpm": 95.3,
  "key": "G# major",
  "energy_level": 1.0,
  "tempo_category": "mid_tempo",
  "spectral_centroid": 1600.2862733692943,
  "zero_crossing_rate": 0.02604185991782102
}