{
  "duration_seconds": 225.59997916666666,
  "bpm": 86.5,
  "key": "G major",
  "energy_level": 1.0,
  "tempo_category": "mid_tempo",
  "spectral_centroid": 1271.9285297863153,
  "zero_crossing_rate": 0.02272804927600473
}