{
  "duration_seconds": 274.43997916666666,
  "bpm": 92.2,
  "key": "D# major",
  "energy_level": 1.0,
  "tempo_category": "mid_tempo",
  "spectral_centroid": 2297.215292762533,
  "zero_crossing_rate": 0.038093756376559526
}