{
  "duration_seconds": 138.95997916666667,
  "bpm": 152.0,
  "key": "E major",
  "energy_level": 1.0,
  "tempo_category": "fast",
  "spectral_centroid": 1642.1164900777092,
  "zero_crossing_rate": 0.02519940524735186
}