{
  "duration_seconds": 257.75997916666665,
  "bpm": 140.6,
  "key": "A minor",
  "energy_level": 1.0,
  "tempo_category": "fast",
  "spectral_centroid": 2381.350923660163,
  "zero_crossing_rate": 0.03395044889949307
}