{
  "duration_seconds": 187.31997916666666,
  "bpm": 127.8,
  "key": "G# major",
  "energy_level": 1.0,
  "tempo_category": "upbeat",
  "spectral_centroid": 833.9675621091288,
  "zero_crossing_rate": 0.02129978900644858
}