{
  "duration_seconds": 159.95997916666667,
  "bpm": 85.2,
  "key": "A minor",
  "energy_level": 1.0,
  "tempo_category": "mid_tempo",
  "spectral_centroid": 1847.1919969520065,
  "zero_crossing_rate": 0.030517626962892577
}