{
  "duration_seconds": 151.11997916666667,
  "bpm": 165.4,
  "key": "D major",
  "energy_level": 1.0,
  "tempo_category": "fast",
  "spectral_centroid": 938.9471916040342,
  "zero_crossing_rate": 0.022698047536702428
}