{
  "duration_seconds": 122.87997916666667,
  "bpm": 165.4,
  "key": "E major",
  "energy_level": 1.0,
  "tempo_category": "fast",
  "spectral_centroid": 2273.827337668017,
  "zero_crossing_rate": 0.02539579603407118
}