{
  "duration_seconds": 448.7999791666667,
  "bpm": 122.3,
  "key": "B major",
  "energy_level": 1.0,
  "tempo_category": "upbeat",
  "spectral_centroid": 1488.1694484375569,
  "zero_crossing_rate": 0.023230083463309566
}