{
  "duration_seconds": 304.95997916666664,
  "bpm": 102.3,
  "key": "G minor",
  "energy_level": 1.0,
  "tempo_category": "mid_tempo",
  "spectral_centroid": 3723.561120463127,
  "zero_crossing_rate": 0.06870124018997027
}