{
  "duration_seconds": 235.83997916666667,
  "bpm": 86.5,
  "key": "G major",
  "energy_level": 1.0,
  "tempo_category": "mid_tempo",
  "spectral_centroid": 2108.61476520975,
  "zero_crossing_rate": 0.0394820111092266
}