{
  "duration_seconds": 254.51997916666667,
  "bpm": 127.8,
  "key": "F# major",
  "energy_level": 1.0,
  "tempo_category": "upbeat",
  "spectral_centroid": 1270.3268282935828,
  "zero_crossing_rate": 0.02467438913073087
}