{
  "duration_seconds": 244.19997916666668,
  "bpm": 114.8,
  "key": "A minor",
  "energy_level": 1.0,
  "tempo_category": "upbeat",
  "spectral_centroid": 3857.585217352748,
  "zero_crossing_rate": 0.08426782296944614
}