{
  "duration_seconds": 113.15997916666667,
  "bpm": 140.6,
  "key": "A# major",
  "energy_level": 1.0,
  "tempo_category": "fast",
  "spectral_centroid": 1082.1187712108288,
  "zero_crossing_rate": 0.015019952840748422
}