{
  "duration_seconds": 186.75997916666665,
  "bpm": 125.0,
  "key": "D# major",
  "energy_level": 1.0,
  "tempo_category": "upbeat",
  "spectral_centroid": 2971.2347115385683,
  "zero_crossing_rate": 0.045544824715146495
}