{
  "duration_seconds": 213.79997916666667,
  "bpm": 122.3,
  "key": "G minor",
  "energy_level": 1.0,
  "tempo_category": "upbeat",
  "spectral_centroid": 1910.515679485348,
  "zero_crossing_rate": 0.028923989293865995
}