{
  "duration_seconds": 200.19997916666668,
  "bpm": 117.2,
  "key": "D minor",
  "energy_level": 1.0,
  "tempo_category": "upbeat",
  "spectral_centroid": 3898.530273821917,
  "zero_crossing_rate": 0.0714634170707017
}