{
  "duration_seconds": 265.1599791666667,
  "bpm": 95.3,
  "key": "A minor",
  "energy_level": 1.0,
  "tempo_category": "mid_tempo",
  "spectral_centroid": 1723.531209757912,
  "zero_crossing_rate": 0.026507608380013276
}