{
  "duration_seconds": 286.43997916666666,
  "bpm": 110.3,
  "key": "F minor",
  "energy_level": 1.0,
  "tempo_category": "upbeat",
  "spectral_centroid": 2153.9544188833274,
  "zero_crossing_rate": 0.04068104306504618
}