{
  "duration_seconds": 279.07997916666665,
  "bpm": 86.5,
  "key": "A minor",
  "energy_level": 1.0,
  "tempo_category": "mid_tempo",
  "spectral_centroid": 1824.6999499720866,
  "zero_crossing_rate": 0.0291738715709085
}