{
  "duration_seconds": 208.27997916666666,
  "bpm": 106.1,
  "key": "F minor",
  "energy_level": 1.0,
  "tempo_category": "mid_tempo",
  "spectral_centroid": 3182.295337483718,
  "zero_crossing_rate": 0.05434189979739591
}