{
  "duration_seconds": 162.79997916666667,
  "bpm": 114.8,
  "key": "D# major",
  "energy_level": 1.0,
  "tempo_category": "upbeat",
  "spectral_centroid": 3083.9389344904257,
  "zero_crossing_rate": 0.05642279711352617
}