{
  "duration_seconds": 219.95997916666667,
  "bpm": 97.0,
  "key": "G major",
  "energy_level": 1.0,
  "tempo_category": "mid_tempo",
  "spectral_centroid": 3218.337915502902,
  "zero_crossing_rate": 0.05223247908029047
}