{
  "duration_seconds": 169.63997916666668,
  "bpm": 114.8,
  "key": "G minor",
  "energy_level": 1.0,
  "tempo_category": "upbeat",
  "spectral_centroid": 2638.8978314717006,
  "zero_crossing_rate": 0.03882336376658388
}