{
  "duration_seconds": 278.8399791666667,
  "bpm": 110.3,
  "key": "D# major",
  "energy_level": 1.0,
  "tempo_category": "upbeat",
  "spectral_centroid": 1633.145752886545,
  "zero_crossing_rate": 0.02648129162960944
}