{
  "duration_seconds": 199.95997916666667,
  "bpm": 100.4,
  "key": "F major",
  "energy_level": 1.0,
  "tempo_category": "mid_tempo",
  "spectral_centroid": 3081.4346493133535,
  "zero_crossing_rate": 0.06004960793726996
}