{
  "duration_seconds": 303.2799791666667,
  "bpm": 148.0,
  "key": "D minor",
  "energy_level": 1.0,
  "tempo_category": "fast",
  "spectral_centroid": 2571.74114863147,
  "zero_crossing_rate": 0.04487047606983962
}