{
  "duration_seconds": 222.99997916666666,
  "bpm": 97.0,
  "key": "B minor",
  "energy_level": 1.0,
  "tempo_category": "mid_tempo",
  "spectral_centroid": 2434.374178985794,
  "zero_crossing_rate": 0.04282962475935093
}