{
  "duration_seconds": 235.27997916666666,
  "bpm": 100.4,
  "key": "G minor",
  "energy_level": 1.0,
  "tempo_category": "mid_tempo",
  "spectral_centroid": 2953.8909214719765,
  "zero_crossing_rate": 0.04992065927752969
}