{
  "duration_seconds": 229.95997916666667,
  "bpm": 125.0,
  "key": "C# major",
  "energy_level": 1.0,
  "tempo_category": "upbeat",
  "spectral_centroid": 3644.7469099751866,
  "zero_crossing_rate": 0.06571567142057841
}