{
  "duration_seconds": 172.95997916666667,
  "bpm": 102.3,
  "key": "G# major",
  "energy_level": 1.0,
  "tempo_category": "mid_tempo",
  "spectral_centroid": 2162.8672438409344,
  "zero_crossing_rate": 0.03461325354609929
}