{
  "duration_seconds": 271.0399791666667,
  "bpm": 97.0,
  "key": "F minor",
  "energy_level": 1.0,
  "tempo_category": "mid_tempo",
  "spectral_centroid": 1551.0716638591894,
  "zero_crossing_rate": 0.019821528495179062
}