{
  "duration_seconds": 205.15997916666666,
  "bpm": 125.0,
  "key": "F minor",
  "energy_level": 1.0,
  "tempo_category": "upbeat",
  "spectral_centroid": 2827.502646911225,
  "zero_crossing_rate": 0.056962447886880006
}