{
  "duration_seconds": 233.55997916666666,
  "bpm": 79.2,
  "key": "G minor",
  "energy_level": 1.0,
  "tempo_category": "slow",
  "spectral_centroid": 2904.925152811952,
  "zero_crossing_rate": 0.044859348597981456
}