{
  "duration_seconds": 166.67997916666667,
  "bpm": 106.1,
  "key": "F# minor",
  "energy_level": 1.0,
  "tempo_category": "mid_tempo",
  "spectral_centroid": 2595.622621705521,
  "zero_crossing_rate": 0.04614187508998848
}