{
  "duration_seconds": 194.55997916666666,
  "bpm": 125.0,
  "key": "G major",
  "energy_level": 1.0,
  "tempo_category": "upbeat",
  "spectral_centroid": 2270.035639169702,
  "zero_crossing_rate": 0.03630210474917763
}