{
  "duration_seconds": 237.27997916666666,
  "bpm": 90.7,
  "key": "F# major",
  "energy_level": 1.0,
  "tempo_category": "mid_tempo",
  "spectral_centroid": 2435.5149147844745,
  "zero_crossing_rate": 0.04466202903742414
}