{
  "duration_seconds": 252.15997916666666,
  "bpm": 125.0,
  "key": "D minor",
  "energy_level": 1.0,
  "tempo_category": "upbeat",
  "spectral_centroid": 3354.0173293262733,
  "zero_crossing_rate": 0.06153669792988579
}