{
  "duration_seconds": 162.99997916666666,
  "bpm": 156.2,
  "key": "D# major",
  "energy_level": 1.0,
  "tempo_category": "fast",
  "spectral_centroid": 1186.3624291283877,
  "zero_crossing_rate": 0.0212659552496401
}