{
  "duration_seconds": 219.79997916666667,
  "bpm": 106.1,
  "key": "F major",
  "energy_level": 1.0,
  "tempo_category": "mid_tempo",
  "spectral_centroid": 2409.7091013098375,
  "zero_crossing_rate": 0.038049376235927114
}