{
  "duration_seconds": 202.83997916666667,
  "bpm": 152.0,
  "key": "D major",
  "energy_level": 1.0,
  "tempo_category": "fast",
  "spectral_centroid": 919.1585778470165,
  "zero_crossing_rate": 0.019777406194128936
}