{
  "duration_seconds": 242.79997916666667,
  "bpm": 122.3,
  "key": "D major",
  "energy_level": 1.0,
  "tempo_category": "upbeat",
  "spectral_centroid": 2405.291065295275,
  "zero_crossing_rate": 0.043734109355093795
}