{
  "duration_seconds": 234.67997916666667,
  "bpm": 100.4,
  "key": "F# major",
  "energy_level": 1.0,
  "tempo_category": "mid_tempo",
  "spectral_centroid": 2735.413053596078,
  "zero_crossing_rate": 0.04078559885891055
}