{
  "duration_seconds": 232.55997916666666,
  "bpm": 127.8,
  "key": "D# major",
  "energy_level": 1.0,
  "tempo_category": "upbeat",
  "spectral_centroid": 2377.3624417252227,
  "zero_crossing_rate": 0.040799601473994404
}