{
  "duration_seconds": 227.43997916666666,
  "bpm": 133.9,
  "key": "G# minor",
  "energy_level": 1.0,
  "tempo_category": "upbeat",
  "spectral_centroid": 1522.285515797749,
  "zero_crossing_rate": 0.02771455796704263
}