{
  "duration_seconds": 185.31997916666666,
  "bpm": 90.7,
  "key": "F major",
  "energy_level": 1.0,
  "tempo_category": "mid_tempo",
  "spectral_centroid": 1683.7463201732724,
  "zero_crossing_rate": 0.028873711031929896
}