{
  "duration_seconds": 196.67997916666667,
  "bpm": 133.9,
  "key": "E minor",
  "energy_level": 1.0,
  "tempo_category": "upbeat",
  "spectral_centroid": 2206.4940718571756,
  "zero_crossing_rate": 0.03693550143378166
}