{
  "duration_seconds": 220.99997916666666,
  "bpm": 127.8,
  "key": "G minor",
  "energy_level": 1.0,
  "tempo_category": "upbeat",
  "spectral_centroid": 3075.215546314708,
  "zero_crossing_rate": 0.05186900082653603
}