{
  "duration_seconds": 158.63997916666668,
  "bpm": 86.5,
  "key": "A# major",
  "energy_level": 1.0,
  "tempo_category": "mid_tempo",
  "spectral_centroid": 1700.976092116792,
  "zero_crossing_rate": 0.028845166419434545
}