{
  "duration_seconds": 208.15997916666666,
  "bpm": 112.5,
  "key": "G minor",
  "energy_level": 1.0,
  "tempo_category": "upbeat",
  "spectral_centroid": 1513.3362671270104,
  "zero_crossing_rate": 0.02853211371861389
}