{
  "duration_seconds": 175.47997916666668,
  "bpm": 119.7,
  "key": "F# major",
  "energy_level": 1.0,
  "tempo_category": "upbeat",
  "spectral_centroid": 3258.481415590928,
  "zero_crossing_rate": 0.06203344388220277
}