{
  "duration_seconds": 357.8399791666667,
  "bpm": 110.3,
  "key": "G minor",
  "energy_level": 1.0,
  "tempo_category": "upbeat",
  "spectral_centroid": 2324.659375255333,
  "zero_crossing_rate": 0.040658991058520624
}