{
  "duration_seconds": 267.0399791666667,
  "bpm": 95.3,
  "key": "G minor",
  "energy_level": 1.0,
  "tempo_category": "mid_tempo",
  "spectral_centroid": 2516.551268384633,
  "zero_crossing_rate": 0.04643009552251848
}