{
  "duration_seconds": 188.27997916666666,
  "bpm": 114.8,
  "key": "F minor",
  "energy_level": 1.0,
  "tempo_category": "upbeat",
  "spectral_centroid": 3068.094289019826,
  "zero_crossing_rate": 0.05533231782340528
}