{
  "duration_seconds": 254.31997916666666,
  "bpm": 100.4,
  "key": "F# minor",
  "energy_level": 1.0,
  "tempo_category": "mid_tempo",
  "spectral_centroid": 2963.2631477089303,
  "zero_crossing_rate": 0.05739177493787485
}