{
  "duration_seconds": 274.1599791666667,
  "bpm": 110.3,
  "key": "G minor",
  "energy_level": 1.0,
  "tempo_category": "upbeat",
  "spectral_centroid": 3012.5258625080983,
  "zero_crossing_rate": 0.04708132699125588
}