{
  "duration_seconds": 304.7199791666667,
  "bpm": 114.8,
  "key": "A# minor",
  "energy_level": 1.0,
  "tempo_category": "upbeat",
  "spectral_centroid": 2131.4223303692725,
  "zero_crossing_rate": 0.03668000951129761
}