{
  "duration_seconds": 269.3599791666667,
  "bpm": 119.7,
  "key": "G# major",
  "energy_level": 1.0,
  "tempo_category": "upbeat",
  "spectral_centroid": 4030.1993952470325,
  "zero_crossing_rate": 0.0821737725158892
}