{
  "duration_seconds": 157.43997916666666,
  "bpm": 125.0,
  "key": "A major",
  "energy_level": 1.0,
  "tempo_category": "upbeat",
  "spectral_centroid": 1891.6134770589172,
  "zero_crossing_rate": 0.03016062997544038
}