{
  "duration_seconds": 154.19997916666668,
  "bpm": 119.7,
  "key": "G major",
  "energy_level": 1.0,
  "tempo_category": "upbeat",
  "spectral_centroid": 1911.4120536965308,
  "zero_crossing_rate": 0.029315653749048903
}