{
  "duration_seconds": 284.95997916666664,
  "bpm": 108.2,
  "key": "F major",
  "energy_level": 1.0,
  "tempo_category": "mid_tempo",
  "spectral_centroid": 1495.67400552329,
  "zero_crossing_rate": 0.02637939681592738
}