{
  "duration_seconds": 174.95997916666667,
  "bpm": 133.9,
  "key": "D major",
  "energy_level": 1.0,
  "tempo_category": "upbeat",
  "spectral_centroid": 2121.248865951496,
  "zero_crossing_rate": 0.03891446472253551
}