{
  "duration_seconds": 310.67997916666667,
  "bpm": 119.7,
  "key": "C# minor",
  "energy_level": 1.0,
  "tempo_category": "upbeat",
  "spectral_centroid": 2950.1189192887628,
  "zero_crossing_rate": 0.05679776952011879
}