{
  "duration_seconds": 229.63997916666668,
  "bpm": 119.7,
  "key": "A# minor",
  "energy_level": 1.0,
  "tempo_category": "upbeat",
  "spectral_centroid": 3298.1849234962483,
  "zero_crossing_rate": 0.06450249971695156
}