{
  "duration_seconds": 174.83997916666667,
  "bpm": 106.1,
  "key": "C minor",
  "energy_level": 1.0,
  "tempo_category": "mid_tempo",
  "spectral_centroid": 1426.3564564394599,
  "zero_crossing_rate": 0.026133264082708028
}