{
  "duration_seconds": 225.23997916666667,
  "bpm": 130.8,
  "key": "G minor",
  "energy_level": 1.0,
  "tempo_category": "upbeat",
  "spectral_centroid": 3792.296676640029,
  "zero_crossing_rate": 0.05901860578858266
}