{
  "duration_seconds": 358.07997916666665,
  "bpm": 165.4,
  "key": "F# minor",
  "energy_level": 1.0,
  "tempo_category": "fast",
  "spectral_centroid": 1944.9575462279959,
  "zero_crossing_rate": 0.024819538115318736
}