{
  "duration_seconds": 255.19997916666668,
  "bpm": 108.2,
  "key": "F minor",
  "energy_level": 1.0,
  "tempo_category": "mid_tempo",
  "spectral_centroid": 3073.4264112548904,
  "zero_crossing_rate": 0.06278143776123302
}