{
  "duration_seconds": 240.83997916666667,
  "bpm": 106.1,
  "key": "A# minor",
  "energy_level": 1.0,
  "tempo_category": "mid_tempo",
  "spectral_centroid": 3195.9186297013575,
  "zero_crossing_rate": 0.051913559059302894
}