{
  "duration_seconds": 252.39997916666667,
  "bpm": 117.2,
  "key": "F# minor",
  "energy_level": 1.0,
  "tempo_category": "upbeat",
  "spectral_centroid": 3463.3637698339894,
  "zero_crossing_rate": 0.07209588314298694
}