{
  "duration_seconds": 192.03997916666665,
  "bpm": 95.3,
  "key": "G minor",
  "energy_level": 1.0,
  "tempo_category": "mid_tempo",
  "spectral_centroid": 1655.4908242144052,
  "zero_crossing_rate": 0.02593854468972173
}