{
  "duration_seconds": 279.43997916666666,
  "bpm": 117.2,
  "key": "G minor",
  "energy_level": 1.0,
  "tempo_category": "upbeat",
  "spectral_centroid": 2764.8448974390276,
  "zero_crossing_rate": 0.041271321254246505
}