{
  "duration_seconds": 140.87997916666666,
  "bpm": 87.9,
  "key": "G major",
  "energy_level": 1.0,
  "tempo_category": "mid_tempo",
  "spectral_centroid": 2559.84426249008,
  "zero_crossing_rate": 0.04854550006388174
}