{
  "duration_seconds": 393.11997916666667,
  "bpm": 108.2,
  "key": "G# major",
  "energy_level": 1.0,
  "tempo_category": "mid_tempo",
  "spectral_centroid": 2239.589385404926,
  "zero_crossing_rate": 0.03838518613909239
}