{
  "duration_seconds": 224.43997916666666,
  "bpm": 95.3,
  "key": "F minor",
  "energy_level": 1.0,
  "tempo_category": "mid_tempo",
  "spectral_centroid": 742.3881855536297,
  "zero_crossing_rate": 0.01387183315660346
}