{
  "duration_seconds": 224.75997916666665,
  "bpm": 87.9,
  "key": "A# major",
  "energy_level": 1.0,
  "tempo_category": "mid_tempo",
  "spectral_centroid": 1874.0095889198194,
  "zero_crossing_rate": 0.02882866073759017
}