{
  "duration_seconds": 183.79997916666667,
  "bpm": 122.3,
  "key": "C# major",
  "energy_level": 1.0,
  "tempo_category": "upbeat",
  "spectral_centroid": 1862.3580134103242,
  "zero_crossing_rate": 0.02965835387106836
}