{
  "duration_seconds": 194.99997916666666,
  "bpm": 100.4,
  "key": "E minor",
  "energy_level": 1.0,
  "tempo_category": "mid_tempo",
  "spectral_centroid": 2060.2411746388916,
  "zero_crossing_rate": 0.035260385685031724
}