{
  "duration_seconds": 229.83997916666667,
  "bpm": 110.3,
  "key": "B minor",
  "energy_level": 1.0,
  "tempo_category": "upbeat",
  "spectral_centroid": 2690.2038014284954,
  "zero_crossing_rate": 0.03807608032793067
}