{
  "duration_seconds": 219.23997916666667,
  "bpm": 160.7,
  "key": "A# minor",
  "energy_level": 1.0,
  "tempo_category": "fast",
  "spectral_centroid": 1761.7074013126028,
  "zero_crossing_rate": 0.03278687200484091
}