{
  "duration_seconds": 149.07997916666667,
  "bpm": 119.7,
  "key": "F major",
  "energy_level": 1.0,
  "tempo_category": "upbeat",
  "spectral_centroid": 1852.5884412150572,
  "zero_crossing_rate": 0.02522059818138728
}