{
  "duration_seconds": 158.91997916666668,
  "bpm": 106.1,
  "key": "E minor",
  "energy_level": 1.0,
  "tempo_category": "mid_tempo",
  "spectral_centroid": 2527.743236980033,
  "zero_crossing_rate": 0.049546569295758104
}