{
  "duration_seconds": 222.19997916666668,
  "bpm": 127.8,
  "key": "A# major",
  "energy_level": 1.0,
  "tempo_category": "upbeat",
  "spectral_centroid": 1994.767182295145,
  "zero_crossing_rate": 0.03479993032054052
}