{
  "duration_seconds": 294.39997916666664,
  "bpm": 119.7,
  "key": "C# major",
  "energy_level": 1.0,
  "tempo_category": "upbeat",
  "spectral_centroid": 2481.1147617730635,
  "zero_crossing_rate": 0.043134818699048914
}