{
  "duration_seconds": 267.99997916666666,
  "bpm": 87.9,
  "key": "G major",
  "energy_level": 1.0,
  "tempo_category": "mid_tempo",
  "spectral_centroid": 1544.8622339108297,
  "zero_crossing_rate": 0.022344663401741294
}