{
  "duration_seconds": 231.55997916666666,
  "bpm": 114.8,
  "key": "D major",
  "energy_level": 1.0,
  "tempo_category": "upbeat",
  "spectral_centroid": 3679.5061760574567,
  "zero_crossing_rate": 0.06859014406467363
}