{
  "duration_seconds": 217.19997916666668,
  "bpm": 125.0,
  "key": "E minor",
  "energy_level": 1.0,
  "tempo_category": "upbeat",
  "spectral_centroid": 2450.6759992768466,
  "zero_crossing_rate": 0.05257141475961302
}