{
  "duration_seconds": 266.4799791666667,
  "bpm": 152.0,
  "key": "B minor",
  "energy_level": 1.0,
  "tempo_category": "fast",
  "spectral_centroid": 2210.823449326273,
  "zero_crossing_rate": 0.036303416792168676
}