{
  "duration_seconds": 248.67997916666667,
  "bpm": 110.3,
  "key": "F# minor",
  "energy_level": 1.0,
  "tempo_category": "upbeat",
  "spectral_centroid": 2961.3135797522186,
  "zero_crossing_rate": 0.0630905074137321
}