{
  "duration_seconds": 203.63997916666668,
  "bpm": 106.1,
  "key": "F# major",
  "energy_level": 1.0,
  "tempo_category": "mid_tempo",
  "spectral_centroid": 3253.999099282492,
  "zero_crossing_rate": 0.05508608910964016
}