{
  "duration_seconds": 200.15997916666666,
  "bpm": 110.3,
  "key": "G# major",
  "energy_level": 1.0,
  "tempo_category": "upbeat",
  "spectral_centroid": 2054.501946760788,
  "zero_crossing_rate": 0.03460015841493472
}