{
  "duration_seconds": 172.31997916666666,
  "bpm": 100.4,
  "key": "D# major",
  "energy_level": 1.0,
  "tempo_category": "mid_tempo",
  "spectral_centroid": 2043.3096559465496,
  "zero_crossing_rate": 0.035209082907768495
}