{
  "duration_seconds": 236.55997916666666,
  "bpm": 100.4,
  "key": "E minor",
  "energy_level": 1.0,
  "tempo_category": "mid_tempo",
  "spectral_centroid": 1974.1497164164152,
  "zero_crossing_rate": 0.03968380475583912
}