{
  "duration_seconds": 257.95997916666664,
  "bpm": 127.8,
  "key": "D# minor",
  "energy_level": 1.0,
  "tempo_category": "upbeat",
  "spectral_centroid": 2324.9099509144867,
  "zero_crossing_rate": 0.03467862920732716
}