{
  "duration_seconds": 217.87997916666666,
  "bpm": 114.8,
  "key": "E major",
  "energy_level": 1.0,
  "tempo_category": "upbeat",
  "spectral_centroid": 2354.404929347411,
  "zero_crossing_rate": 0.03617641288184755
}