{
  "duration_seconds": 241.95997916666667,
  "bpm": 87.9,
  "key": "D minor",
  "energy_level": 1.0,
  "tempo_category": "mid_tempo",
  "spectral_centroid": 2714.190930416997,
  "zero_crossing_rate": 0.053181112306581735
}