{
  "duration_seconds": 179.99997916666666,
  "bpm": 170.5,
  "key": "C minor",
  "energy_level": 1.0,
  "tempo_category": "fast",
  "spectral_centroid": 671.148863903174,
  "zero_crossing_rate": 0.015903096064814815
}