{
  "duration_seconds": 199.79997916666667,
  "bpm": 97.0,
  "key": "A# major",
  "energy_level": 1.0,
  "tempo_category": "mid_tempo",
  "spectral_centroid": 1858.2210501217478,
  "zero_crossing_rate": 0.034652693669255816
}