{
  "duration_seconds": 239.99997916666666,
  "bpm": 117.2,
  "key": "C# minor",
  "energy_level": 1.0,
  "tempo_category": "upbeat",
  "spectral_centroid": 3274.31244005653,
  "zero_crossing_rate": 0.05859698350694444
}