{
  "duration_seconds": 318.39997916666664,
  "bpm": 110.3,
  "key": "B minor",
  "energy_level": 1.0,
  "tempo_category": "upbeat",
  "spectral_centroid": 1602.9632123216709,
  "zero_crossing_rate": 0.027024494215871022
}