{
  "duration_seconds": 147.99997916666666,
  "bpm": 81.5,
  "key": "F# major",
  "energy_level": 1.0,
  "tempo_category": "mid_tempo",
  "spectral_centroid": 1143.4570122561445,
  "zero_crossing_rate": 0.01704054054054054
}