{
  "duration_seconds": 254.35997916666668,
  "bpm": 100.4,
  "key": "D# major",
  "energy_level": 1.0,
  "tempo_category": "mid_tempo",
  "spectral_centroid": 1831.4180960193394,
  "zero_crossing_rate": 0.03634577904846521
}