{
  "duration_seconds": 264.7199791666667,
  "bpm": 165.4,
  "key": "G minor",
  "energy_level": 1.0,
  "tempo_category": "fast",
  "spectral_centroid": 2293.2694746791485,
  "zero_crossing_rate": 0.04083208177406519
}