{
  "duration_seconds": 259.5999791666667,
  "bpm": 104.2,
  "key": "E major",
  "energy_level": 1.0,
  "tempo_category": "mid_tempo",
  "spectral_centroid": 2842.764766671294,
  "zero_crossing_rate": 0.04789481726107322
}