{
  "duration_seconds": 214.95997916666667,
  "bpm": 108.2,
  "key": "C major",
  "energy_level": 1.0,
  "tempo_category": "mid_tempo",
  "spectral_centroid": 2207.820501516082,
  "zero_crossing_rate": 0.037393674716543444
}