{
  "duration_seconds": 220.31997916666666,
  "bpm": 100.4,
  "key": "D major",
  "energy_level": 1.0,
  "tempo_category": "mid_tempo",
  "spectral_centroid": 2773.0062298201638,
  "zero_crossing_rate": 0.04921506218228032
}