{
  "duration_seconds": 227.87997916666666,
  "bpm": 102.3,
  "key": "C# major",
  "energy_level": 1.0,
  "tempo_category": "mid_tempo",
  "spectral_centroid": 1765.2662897540113,
  "zero_crossing_rate": 0.02852287928144308
}