{
  "duration_seconds": 321.95997916666664,
  "bpm": 127.8,
  "key": "G# major",
  "energy_level": 1.0,
  "tempo_category": "upbeat",
  "spectral_centroid": 2617.1541183632735,
  "zero_crossing_rate": 0.04354956268221574
}