{
  "duration_seconds": 226.71997916666666,
  "bpm": 127.8,
  "key": "D minor",
  "energy_level": 1.0,
  "tempo_category": "upbeat",
  "spectral_centroid": 2732.60702289165,
  "zero_crossing_rate": 0.047411270877440605
}