{
  "duration_seconds": 196.55997916666666,
  "bpm": 104.2,
  "key": "D minor",
  "energy_level": 1.0,
  "tempo_category": "mid_tempo",
  "spectral_centroid": 2391.2395740311376,
  "zero_crossing_rate": 0.042653253752781096
}