{
  "duration_seconds": 275.7199791666667,
  "bpm": 127.8,
  "key": "D minor",
  "energy_level": 1.0,
  "tempo_category": "upbeat",
  "spectral_centroid": 2593.1924634112456,
  "zero_crossing_rate": 0.03939378850487446
}