{
  "duration_seconds": 215.67997916666667,
  "bpm": 104.2,
  "key": "F# major",
  "energy_level": 1.0,
  "tempo_category": "mid_tempo",
  "spectral_centroid": 3046.1386930562458,
  "zero_crossing_rate": 0.06223994555977992
}