{
  "duration_seconds": 259.51997916666664,
  "bpm": 98.7,
  "key": "A minor",
  "energy_level": 1.0,
  "tempo_category": "mid_tempo",
  "spectral_centroid": 1447.4339433251012,
  "zero_crossing_rate": 0.023294347095920674
}