{
  "duration_seconds": 259.95997916666664,
  "bpm": 127.8,
  "key": "A minor",
  "energy_level": 1.0,
  "tempo_category": "upbeat",
  "spectral_centroid": 2579.3915148406236,
  "zero_crossing_rate": 0.04573591749753816
}