{
  "duration_seconds": 251.55997916666666,
  "bpm": 127.8,
  "key": "G major",
  "energy_level": 1.0,
  "tempo_category": "upbeat",
  "spectral_centroid": 1071.3196253377507,
  "zero_crossing_rate": 0.018849262874194368
}