{
  "duration_seconds": 134.55997916666666,
  "bpm": 86.5,
  "key": "G minor",
  "energy_level": 1.0,
  "tempo_category": "mid_tempo",
  "spectral_centroid": 1117.541643453306,
  "zero_crossing_rate": 0.014838176278240191
}