{
  "duration_seconds": 241.59997916666666,
  "bpm": 117.2,
  "key": "G minor",
  "energy_level": 1.0,
  "tempo_category": "upbeat",
  "spectral_centroid": 2777.610691169548,
  "zero_crossing_rate": 0.04617724286009934
}