{
  "duration_seconds": 298.87997916666666,
  "bpm": 110.3,
  "key": "D# minor",
  "energy_level": 1.0,
  "tempo_category": "upbeat",
  "spectral_centroid": 1794.3988379413213,
  "zero_crossing_rate": 0.0274956887658369
}