{
  "duration_seconds": 232.19997916666668,
  "bpm": 92.2,
  "key": "F# major",
  "energy_level": 1.0,
  "tempo_category": "mid_tempo",
  "spectral_centroid": 2654.5913873171157,
  "zero_crossing_rate": 0.056461363492810876
}