{
  "duration_seconds": 175.75997916666665,
  "bpm": 92.2,
  "key": "G major",
  "energy_level": 1.0,
  "tempo_category": "mid_tempo",
  "spectral_centroid": 1154.4356615853562,
  "zero_crossing_rate": 0.016582064438190314
}