{
  "duration_seconds": 204.27997916666666,
  "bpm": 93.8,
  "key": "G major",
  "energy_level": 1.0,
  "tempo_category": "mid_tempo",
  "spectral_centroid": 1672.9894769976327,
  "zero_crossing_rate": 0.02656087341563544
}