{
  "duration_seconds": 250.19997916666668,
  "bpm": 102.3,
  "key": "D minor",
  "energy_level": 1.0,
  "tempo_category": "mid_tempo",
  "spectral_centroid": 2077.9678365054488,
  "zero_crossing_rate": 0.04122796916298973
}