{
  "duration_seconds": 235.99997916666666,
  "bpm": 119.7,
  "key": "G# minor",
  "energy_level": 1.0,
  "tempo_category": "upbeat",
  "spectral_centroid": 2543.2289319140923,
  "zero_crossing_rate": 0.04659906867937853
}