{
  "duration_seconds": 208.03997916666665,
  "bpm": 102.3,
  "key": "B minor",
  "energy_level": 1.0,
  "tempo_category": "mid_tempo",
  "spectral_centroid": 2574.912172636953,
  "zero_crossing_rate": 0.045180385674092494
}