{
  "duration_seconds": 160.23997916666667,
  "bpm": 85.2,
  "key": "C# major",
  "energy_level": 1.0,
  "tempo_category": "mid_tempo",
  "spectral_centroid": 2202.603433908805,
  "zero_crossing_rate": 0.0313500094126506
}