{
  "duration_seconds": 164.91997916666668,
  "bpm": 119.7,
  "key": "A# major",
  "energy_level": 1.0,
  "tempo_category": "upbeat",
  "spectral_centroid": 1482.1973188465197,
  "zero_crossing_rate": 0.024235070252878025
}