{
  "duration_seconds": 217.27997916666666,
  "bpm": 100.4,
  "key": "D# major",
  "energy_level": 1.0,
  "tempo_category": "mid_tempo",
  "spectral_centroid": 1992.517115612685,
  "zero_crossing_rate": 0.0329898105746809
}