{
  "duration_seconds": 277.1599791666667,
  "bpm": 100.4,
  "key": "F# major",
  "energy_level": 1.0,
  "tempo_category": "mid_tempo",
  "spectral_centroid": 2070.3207994350805,
  "zero_crossing_rate": 0.031150799079481605
}