{
  "duration_seconds": 250.75997916666665,
  "bpm": 125.0,
  "key": "D minor",
  "energy_level": 1.0,
  "tempo_category": "upbeat",
  "spectral_centroid": 2125.499059755166,
  "zero_crossing_rate": 0.0362844540588179
}