{
  "duration_seconds": 233.27997916666666,
  "bpm": 106.1,
  "key": "G minor",
  "energy_level": 1.0,
  "tempo_category": "mid_tempo",
  "spectral_centroid": 2709.160513973146,
  "zero_crossing_rate": 0.04196405606995885
}