{
  "duration_seconds": 216.03997916666665,
  "bpm": 100.4,
  "key": "C# major",
  "energy_level": 1.0,
  "tempo_category": "mid_tempo",
  "spectral_centroid": 3078.1040182265415,
  "zero_crossing_rate": 0.055800995328083344
}