{
  "duration_seconds": 210.31997916666666,
  "bpm": 122.3,
  "key": "G major",
  "energy_level": 1.0,
  "tempo_category": "upbeat",
  "spectral_centroid": 3147.785877536977,
  "zero_crossing_rate": 0.054003663570405216
}