{
  "duration_seconds": 205.71997916666666,
  "bpm": 104.2,
  "key": "C major",
  "energy_level": 1.0,
  "tempo_category": "mid_tempo",
  "spectral_centroid": 2218.183931584508,
  "zero_crossing_rate": 0.030234475253733083
}