{
  "duration_seconds": 208.99997916666666,
  "bpm": 98.7,
  "key": "F# major",
  "energy_level": 1.0,
  "tempo_category": "mid_tempo",
  "spectral_centroid": 2279.569318748048,
  "zero_crossing_rate": 0.03886189450533326
}