{
  "duration_seconds": 189.95997916666667,
  "bpm": 165.4,
  "key": "A minor",
  "energy_level": 1.0,
  "tempo_category": "fast",
  "spectral_centroid": 2472.487237782516,
  "zero_crossing_rate": 0.04932328808467629
}