{
  "duration_seconds": 198.15997916666666,
  "bpm": 119.7,
  "key": "G minor",
  "energy_level": 1.0,
  "tempo_category": "upbeat",
  "spectral_centroid": 2188.409823263885,
  "zero_crossing_rate": 0.028696234919999463
}