{
  "duration_seconds": 229.95997916666667,
  "bpm": 119.7,
  "key": "F major",
  "energy_level": 1.0,
  "tempo_category": "upbeat",
  "spectral_centroid": 541.3955697766687,
  "zero_crossing_rate": 0.010786714655132427
}