{
  "duration_seconds": 272.4799791666667,
  "bpm": 122.3,
  "key": "G minor",
  "energy_level": 1.0,
  "tempo_category": "upbeat",
  "spectral_centroid": 2394.7933086870853,
  "zero_crossing_rate": 0.036412477521285964
}