{
  "duration_seconds": 218.99997916666666,
  "bpm": 125.0,
  "key": "A# major",
  "energy_level": 1.0,
  "tempo_category": "upbeat",
  "spectral_centroid": 3380.2970503805013,
  "zero_crossing_rate": 0.06792926323848139
}