{
  "duration_seconds": 305.4799791666667,
  "bpm": 93.8,
  "key": "C# major",
  "energy_level": 1.0,
  "tempo_category": "mid_tempo",
  "spectral_centroid": 1818.5001705107131,
  "zero_crossing_rate": 0.030815509990746885
}