{
  "duration_seconds": 247.87997916666666,
  "bpm": 108.2,
  "key": "D# minor",
  "energy_level": 1.0,
  "tempo_category": "mid_tempo",
  "spectral_centroid": 3168.941378965782,
  "zero_crossing_rate": 0.06319425487596282
}