{
  "duration_seconds": 329.95997916666664,
  "bpm": 119.7,
  "key": "C major",
  "energy_level": 1.0,
  "tempo_category": "upbeat",
  "spectral_centroid": 1588.5593648858915,
  "zero_crossing_rate": 0.02745350042125978
}