{
  "duration_seconds": 215.91997916666668,
  "bpm": 122.3,
  "key": "F# major",
  "energy_level": 1.0,
  "tempo_category": "upbeat",
  "spectral_centroid": 2109.2355987160563,
  "zero_crossing_rate": 0.03751644086844835
}