{
  "duration_seconds": 231.55997916666666,
  "bpm": 84.0,
  "key": "C major",
  "energy_level": 1.0,
  "tempo_category": "mid_tempo",
  "spectral_centroid": 2061.8939516880178,
  "zero_crossing_rate": 0.03149694089289005
}