{
  "duration_seconds": 479.95997916666664,
  "bpm": 86.5,
  "key": "G# major",
  "energy_level": 1.0,
  "tempo_category": "mid_tempo",
  "spectral_centroid": 1890.1343344470847,
  "zero_crossing_rate": 0.03451993370738605
}