{
  "duration_seconds": 248.83997916666667,
  "bpm": 127.8,
  "key": "G minor",
  "energy_level": 1.0,
  "tempo_category": "upbeat",
  "spectral_centroid": 3294.1493816380403,
  "zero_crossing_rate": 0.05869222671487205
}