{
  "duration_seconds": 169.31997916666666,
  "bpm": 140.6,
  "key": "G major",
  "energy_level": 1.0,
  "tempo_category": "fast",
  "spectral_centroid": 1376.1286504328514,
  "zero_crossing_rate": 0.023484162634260425
}