{
  "duration_seconds": 248.15997916666666,
  "bpm": 127.8,
  "key": "G# minor",
  "energy_level": 1.0,
  "tempo_category": "upbeat",
  "spectral_centroid": 2541.212336360731,
  "zero_crossing_rate": 0.049490772922039544
}