{
  "duration_seconds": 218.35997916666668,
  "bpm": 110.3,
  "key": "G minor",
  "energy_level": 1.0,
  "tempo_category": "upbeat",
  "spectral_centroid": 1072.452004042424,
  "zero_crossing_rate": 0.01772650315827716
}