{
  "duration_seconds": 201.99997916666666,
  "bpm": 125.0,
  "key": "D# major",
  "energy_level": 1.0,
  "tempo_category": "upbeat",
  "spectral_centroid": 1346.2680453974629,
  "zero_crossing_rate": 0.024724182199809906
}