{
  "duration_seconds": 222.71997916666666,
  "bpm": 125.0,
  "key": "C# major",
  "energy_level": 1.0,
  "tempo_category": "upbeat",
  "spectral_centroid": 844.582351504642,
  "zero_crossing_rate": 0.016077221399066092
}