{
  "duration_seconds": 187.91997916666668,
  "bpm": 95.3,
  "key": "G major",
  "energy_level": 1.0,
  "tempo_category": "mid_tempo",
  "spectral_centroid": 1005.1701108937091,
  "zero_crossing_rate": 0.020831134617294814
}