{
  "duration_seconds": 233.83997916666667,
  "bpm": 117.2,
  "key": "D major",
  "energy_level": 1.0,
  "tempo_category": "upbeat",
  "spectral_centroid": 2748.603479820717,
  "zero_crossing_rate": 0.0485269777673562
}