{
  "duration_seconds": 186.79997916666667,
  "bpm": 127.8,
  "key": "A# major",
  "energy_level": 1.0,
  "tempo_category": "upbeat",
  "spectral_centroid": 1020.0609658806221,
  "zero_crossing_rate": 0.025760913544581168
}