{
  "duration_seconds": 337.87997916666666,
  "bpm": 127.8,
  "key": "C# major",
  "energy_level": 1.0,
  "tempo_category": "upbeat",
  "spectral_centroid": 1888.8076592806908,
  "zero_crossing_rate": 0.030031662982013763
}