{
  "duration_seconds": 239.59997916666666,
  "bpm": 125.0,
  "key": "F major",
  "energy_level": 1.0,
  "tempo_category": "upbeat",
  "spectral_centroid": 1741.606377883567,
  "zero_crossing_rate": 0.02685081700323866
}