{
  "duration_seconds": 340.3599791666667,
  "bpm": 117.2,
  "key": "D# minor",
  "energy_level": 1.0,
  "tempo_category": "upbeat",
  "spectral_centroid": 2693.3300273170044,
  "zero_crossing_rate": 0.05639667565381241
}