{
  "duration_seconds": 215.47997916666668,
  "bpm": 119.7,
  "key": "G major",
  "energy_level": 1.0,
  "tempo_category": "upbeat",
  "spectral_centroid": 3480.173285328299,
  "zero_crossing_rate": 0.07345539059406248
}