{
  "duration_seconds": 349.9199791666667,
  "bpm": 125.0,
  "key": "D minor",
  "energy_level": 1.0,
  "tempo_category": "upbeat",
  "spectral_centroid": 2652.4706067822144,
  "zero_crossing_rate": 0.03632163542142966
}