{
  "duration_seconds": 249.79997916666667,
  "bpm": 87.9,
  "key": "G major",
  "energy_level": 1.0,
  "tempo_category": "mid_tempo",
  "spectral_centroid": 1266.3601799185026,
  "zero_crossing_rate": 0.02061135256095478
}