{
  "duration_seconds": 189.11997916666667,
  "bpm": 152.0,
  "key": "A# major",
  "energy_level": 1.0,
  "tempo_category": "fast",
  "spectral_centroid": 1169.3687625501375,
  "zero_crossing_rate": 0.02154912114882967
}