{
  "duration_seconds": 402.87997916666666,
  "bpm": 127.8,
  "key": "G minor",
  "energy_level": 1.0,
  "tempo_category": "upbeat",
  "spectral_centroid": 905.4033739603076,
  "zero_crossing_rate": 0.019257181625628807
}