{
  "duration_seconds": 269.87997916666666,
  "bpm": 117.2,
  "key": "C minor",
  "energy_level": 1.0,
  "tempo_category": "upbeat",
  "spectral_centroid": 1518.3145749156251,
  "zero_crossing_rate": 0.023670428412279662
}