{
  "duration_seconds": 163.83997916666667,
  "bpm": 112.5,
  "key": "F minor",
  "energy_level": 1.0,
  "tempo_category": "upbeat",
  "spectral_centroid": 2683.9578011364038,
  "zero_crossing_rate": 0.040626239776611325
}