{
  "duration_seconds": 227.63997916666668,
  "bpm": 130.8,
  "key": "B major",
  "energy_level": 1.0,
  "tempo_category": "upbeat",
  "spectral_centroid": 1382.2073666493663,
  "zero_crossing_rate": 0.027723676831482524
}