{
  "duration_seconds": 171.79997916666667,
  "bpm": 160.7,
  "key": "C minor",
  "energy_level": 1.0,
  "tempo_category": "fast",
  "spectral_centroid": 2072.5484631789523,
  "zero_crossing_rate": 0.03527344720075123
}