{
  "duration_seconds": 248.75997916666665,
  "bpm": 110.3,
  "key": "G# minor",
  "energy_level": 1.0,
  "tempo_category": "upbeat",
  "spectral_centroid": 2448.733664131383,
  "zero_crossing_rate": 0.0382939207749121
}