{
  "duration_seconds": 331.75997916666665,
  "bpm": 152.0,
  "key": "C major",
  "energy_level": 1.0,
  "tempo_category": "fast",
  "spectral_centroid": 1523.9085166284422,
  "zero_crossing_rate": 0.027311488868638073
}