{
  "duration_seconds": 292.8399791666667,
  "bpm": 100.4,
  "key": "G major",
  "energy_level": 1.0,
  "tempo_category": "mid_tempo",
  "spectral_centroid": 3831.6466014550856,
  "zero_crossing_rate": 0.06796861127363044
}