{
  "duration_seconds": 479.95997916666664,
  "bpm": 117.2,
  "key": "G major",
  "energy_level": 1.0,
  "tempo_category": "upbeat",
  "spectral_centroid": 1744.223144555634,
  "zero_crossing_rate": 0.021693514376652887
}