{
  "duration_seconds": 202.27997916666666,
  "bpm": 89.3,
  "key": "D# minor",
  "energy_level": 1.0,
  "tempo_category": "mid_tempo",
  "spectral_centroid": 1766.4219128602017,
  "zero_crossing_rate": 0.031365453128295716
}