{
  "duration_seconds": 270.0399791666667,
  "bpm": 102.3,
  "key": "D# minor",
  "energy_level": 1.0,
  "tempo_category": "mid_tempo",
  "spectral_centroid": 1914.2689381312166,
  "zero_crossing_rate": 0.031056515878658607
}