{
  "duration_seconds": 245.99997916666666,
  "bpm": 160.7,
  "key": "D major",
  "energy_level": 1.0,
  "tempo_category": "fast",
  "spectral_centroid": 1934.2334711596084,
  "zero_crossing_rate": 0.02886270843044053
}