{
  "duration_seconds": 288.75997916666665,
  "bpm": 152.0,
  "key": "F major",
  "energy_level": 1.0,
  "tempo_category": "fast",
  "spectral_centroid": 1476.0525845055074,
  "zero_crossing_rate": 0.022016304322731974
}