{
  "duration_seconds": 319.95997916666664,
  "bpm": 156.2,
  "key": "F major",
  "energy_level": 1.0,
  "tempo_category": "fast",
  "spectral_centroid": 2918.033722544576,
  "zero_crossing_rate": 0.055275416864603126
}