{
  "duration_seconds": 311.51997916666664,
  "bpm": 122.3,
  "key": "G# major",
  "energy_level": 1.0,
  "tempo_category": "upbeat",
  "spectral_centroid": 1929.0779262779793,
  "zero_crossing_rate": 0.03405638415404041
}