{
  "duration_seconds": 215.91997916666668,
  "bpm": 148.0,
  "key": "F# major",
  "energy_level": 1.0,
  "tempo_category": "fast",
  "spectral_centroid": 2179.718942927315,
  "zero_crossing_rate": 0.0362439861541644
}