{
  "duration_seconds": 314.51997916666664,
  "bpm": 125.0,
  "key": "C major",
  "energy_level": 1.0,
  "tempo_category": "upbeat",
  "spectral_centroid": 1932.5049951383476,
  "zero_crossing_rate": 0.034124677824125885
}