{
  "duration_seconds": 224.07997916666667,
  "bpm": 112.5,
  "key": "E minor",
  "energy_level": 1.0,
  "tempo_category": "upbeat",
  "spectral_centroid": 723.9778057880544,
  "zero_crossing_rate": 0.01362771399585872
}