{
  "duration_seconds": 249.59997916666666,
  "bpm": 165.4,
  "key": "F# major",
  "energy_level": 1.0,
  "tempo_category": "fast",
  "spectral_centroid": 1880.6063196799755,
  "zero_crossing_rate": 0.03529476328792735
}