{
  "duration_seconds": 239.15997916666666,
  "bpm": 144.2,
  "key": "D# major",
  "energy_level": 1.0,
  "tempo_category": "fast",
  "spectral_centroid": 1470.0705134101381,
  "zero_crossing_rate": 0.028289236889271697
}