{
  "duration_seconds": 154.71997916666666,
  "bpm": 119.7,
  "key": "A minor",
  "energy_level": 1.0,
  "tempo_category": "upbeat",
  "spectral_centroid": 1511.2294407025265,
  "zero_crossing_rate": 0.02284557049293347
}