{
  "duration_seconds": 204.15997916666666,
  "bpm": 156.2,
  "key": "D# minor",
  "energy_level": 1.0,
  "tempo_category": "fast",
  "spectral_centroid": 1456.9400333687745,
  "zero_crossing_rate": 0.023768939393939394
}