{
  "duration_seconds": 218.15997916666666,
  "bpm": 130.8,
  "key": "E major",
  "energy_level": 1.0,
  "tempo_category": "upbeat",
  "spectral_centroid": 2427.275599565661,
  "zero_crossing_rate": 0.04787813351800469
}