{
  "duration_seconds": 298.5999791666667,
  "bpm": 117.2,
  "key": "G# major",
  "energy_level": 1.0,
  "tempo_category": "upbeat",
  "spectral_centroid": 1874.7005003441184,
  "zero_crossing_rate": 0.03154936311687326
}