{
  "duration_seconds": 374.99997916666666,
  "bpm": 160.7,
  "key": "F minor",
  "energy_level": 1.0,
  "tempo_category": "fast",
  "spectral_centroid": 1362.7860188651568,
  "zero_crossing_rate": 0.021291143011171316
}